Paciente,inicio_mues,n_rpeaks_seg,dur_real_s
100,139680,81,60.0
101,30960,73,60.0
102,26280,75,60.0
103,74160,74,60.0
104,35640,75,60.0
105,448200,93,60.0
106,265320,86,60.0
107,398160,73,60.0
108,609840,72,60.0
109,0,91,60.0
111,617400,77,60.0
112,289800,90,60.0
113,553680,65,60.0
114,628200,75,60.0
115,448560,72,60.0
116,584280,85,60.0
117,254160,57,60.0
118,141120,88,60.0
119,415440,73,60.0
121,563040,79,60.0
122,128880,91,60.0
123,144360,55,60.0
124,595080,63,60.0
200,299160,100,60.0
201,574560,95,60.0
202,546480,123,60.0
203,266760,118,60.0
205,95400,104,60.0
207,628200,115,60.0
208,422280,112,60.0
209,200880,142,60.0
210,0,92,60.0
212,142920,97,60.0
213,0,111,60.0
214,189360,81,60.0
215,54360,116,60.0
217,350640,83,60.0
219,135720,81,60.0
220,129600,76,60.0
221,186480,89,60.0
222,573840,105,60.0
223,204840,105,60.0
228,92880,73,60.0
230,58320,87,60.0
231,233280,65,60.0
232,239040,74,60.0
233,17640,107,60.0
234,291960,103,60.0
