Filtro,Modelo,n_pacientes,n_ventanas_train,n_ventanas_test,R2,MSE,RMSE,MAE,DTW,Latencia_ms,R2_train,t_fit_s,epochs_ran
F_N+PB+MED,GRU,48,3086,795,0.4065,0.665912,0.816034,0.417293,15.9827,0.1804,0.5272,18.506,20.0
F_N+PB+MED,LSTM,48,3086,795,0.3823,0.693173,0.83257,0.425926,16.6112,0.1851,0.4997,17.958,19.0
F_N+PB+MED,CNN-LSTM,48,3086,795,0.3374,0.74346,0.862242,0.460012,18.2226,0.2349,0.4329,15.175,17.0
F_N+PB+MED,CNN-GRU,48,3086,795,0.3772,0.698838,0.835965,0.429705,17.2596,0.2505,0.5123,14.697,19.0
F_N+PB+MED,RF,48,3086,795,0.4932,0.568688,0.754114,0.385397,16.2495,0.0299,0.7507,12.513,
F_N+PB+MED,MLP,48,3086,795,0.4655,0.599801,0.774468,0.39786,12.7744,0.0055,0.7319,2.22,
F_N+MED,GRU,48,3086,795,0.6957,0.344177,0.586666,0.340715,11.8969,0.4334,0.7519,21.936,24.0
F_N+MED,LSTM,48,3086,795,0.6741,0.36868,0.607191,0.357613,12.1418,0.1658,0.7035,15.251,19.0
F_N+MED,CNN-LSTM,48,3086,795,0.5647,0.492343,0.701671,0.432851,14.2828,0.2174,0.5943,13.8,16.0
F_N+MED,CNN-GRU,48,3086,795,0.5941,0.459134,0.677594,0.412792,13.707,0.1931,0.6178,12.423,16.0
F_N+MED,RF,48,3086,795,0.7292,0.306324,0.553465,0.317294,11.6754,0.0305,0.8662,12.497,
F_N+MED,MLP,48,3086,795,0.7027,0.336231,0.579854,0.32453,11.501,0.0054,0.8258,3.143,
F_MED,GRU,48,3086,795,0.7237,0.312552,0.559064,0.312846,11.1431,0.265,0.8174,30.33,42.0
F_MED,LSTM,48,3086,795,0.6875,0.353487,0.594548,0.343553,12.0326,0.1745,0.7193,16.048,20.0
F_MED,CNN-LSTM,48,3086,795,0.5734,0.48252,0.694636,0.426747,14.3011,0.1654,0.5952,12.493,16.0
F_MED,CNN-GRU,48,3086,795,0.5736,0.482342,0.694509,0.430861,14.0906,0.1612,0.5975,12.384,16.0
F_MED,RF,48,3086,795,0.7295,0.306025,0.553195,0.314938,11.6744,0.0308,0.8645,12.454,
F_MED,MLP,48,3086,795,0.7109,0.326988,0.571828,0.321193,11.8848,0.0054,0.8228,3.081,
