Filtro,Modelo,Paciente,R2,MSE,RMSE,MAE,DTW,Latencia_ms
F_N+PB+MED,TD-CNN-LSTM,100,0.0083,0.097971,0.313002,0.257488,5.489,0.0
F_N+PB+MED,TD-CNN-LSTM,101,0.2861,0.116484,0.341298,0.258208,5.6102,0.0
F_N+PB+MED,TD-CNN-LSTM,102,0.6059,0.102488,0.320137,0.270125,6.5966,0.0
F_N+PB+MED,TD-CNN-LSTM,103,0.7304,0.071772,0.267903,0.209564,5.9183,0.0
F_N+PB+MED,TD-CNN-LSTM,104,0.4107,0.342547,0.585276,0.420762,10.3709,0.0
F_N+PB+MED,TD-CNN-LSTM,105,0.1952,4.37289,2.091146,1.470167,41.2954,0.0
F_N+PB+MED,TD-CNN-LSTM,106,0.2315,0.742105,0.861455,0.619801,16.0548,0.0
F_N+PB+MED,TD-CNN-LSTM,107,0.5943,4.289588,2.071132,1.26561,33.5084,0.0
F_N+PB+MED,TD-CNN-LSTM,108,0.192,0.12633,0.35543,0.273704,5.8213,0.0
F_N+PB+MED,TD-CNN-LSTM,109,0.8812,0.206328,0.454233,0.296768,9.4856,0.0
F_N+PB+MED,TD-CNN-LSTM,111,0.3946,0.158473,0.398087,0.294176,6.8479,0.0
F_N+PB+MED,TD-CNN-LSTM,112,0.5195,0.117174,0.342307,0.294898,7.0594,0.0
F_N+PB+MED,TD-CNN-LSTM,113,0.7398,0.32933,0.573873,0.338818,11.1342,0.0
F_N+PB+MED,TD-CNN-LSTM,114,0.1615,0.093016,0.304986,0.242707,5.3473,0.0
F_N+PB+MED,TD-CNN-LSTM,115,0.2306,0.145687,0.38169,0.307913,6.4838,0.0
F_N+PB+MED,TD-CNN-LSTM,116,0.4099,0.092465,0.304081,0.253701,5.9167,0.0
F_N+PB+MED,TD-CNN-LSTM,117,0.4913,0.260079,0.50998,0.334453,10.0165,0.0
F_N+PB+MED,TD-CNN-LSTM,118,0.611,0.23385,0.48358,0.335736,9.3818,0.0
F_N+PB+MED,TD-CNN-LSTM,119,0.3072,3.262926,1.806357,1.064604,31.503,0.0
F_N+PB+MED,TD-CNN-LSTM,121,0.0398,0.318591,0.564439,0.430457,8.0763,0.0
F_N+PB+MED,TD-CNN-LSTM,122,0.6884,0.083275,0.288575,0.222355,5.2934,0.0
F_N+PB+MED,TD-CNN-LSTM,123,0.5055,0.092495,0.304129,0.230792,5.9067,0.0
F_N+PB+MED,TD-CNN-LSTM,124,0.5469,0.250038,0.500038,0.332294,9.1099,0.0
F_N+PB+MED,TD-CNN-LSTM,200,0.2622,0.10905,0.330228,0.252407,5.8021,0.0
F_N+PB+MED,TD-CNN-LSTM,201,-0.0295,0.0635,0.251992,0.196047,4.0904,0.0
F_N+PB+MED,TD-CNN-LSTM,202,0.4059,0.209458,0.457666,0.339363,8.6325,0.0
F_N+PB+MED,TD-CNN-LSTM,203,0.0267,2.425173,1.557297,0.950786,26.333,0.0
F_N+PB+MED,TD-CNN-LSTM,205,-0.1491,0.194592,0.441126,0.208493,6.7253,0.0
F_N+PB+MED,TD-CNN-LSTM,207,0.8573,0.195939,0.44265,0.287598,8.825,0.0
F_N+PB+MED,TD-CNN-LSTM,208,-0.0903,1.358236,1.165434,0.730254,21.0168,0.0
F_N+PB+MED,TD-CNN-LSTM,209,0.1104,0.076259,0.27615,0.22881,4.3968,0.0
F_N+PB+MED,TD-CNN-LSTM,210,-0.1486,0.242858,0.492806,0.325833,6.4752,0.0
F_N+PB+MED,TD-CNN-LSTM,212,0.9241,0.065337,0.255612,0.200093,5.1748,0.0
F_N+PB+MED,TD-CNN-LSTM,213,0.9663,0.070854,0.266185,0.204379,6.1241,0.0
F_N+PB+MED,TD-CNN-LSTM,214,0.6432,0.299779,0.547521,0.420889,11.598,0.0
F_N+PB+MED,TD-CNN-LSTM,215,0.4751,0.172583,0.415431,0.274338,7.4025,0.0
F_N+PB+MED,TD-CNN-LSTM,217,0.0123,4.25046,2.061664,1.339547,37.3601,0.0
F_N+PB+MED,TD-CNN-LSTM,219,0.3981,0.830969,0.911575,0.497476,18.7197,0.0
F_N+PB+MED,TD-CNN-LSTM,220,-0.219,0.261781,0.511645,0.395992,6.6767,0.0
F_N+PB+MED,TD-CNN-LSTM,221,0.1459,0.575664,0.758725,0.446632,13.3373,0.0
F_N+PB+MED,TD-CNN-LSTM,222,-0.4085,0.155343,0.394136,0.315047,5.2905,0.0
F_N+PB+MED,TD-CNN-LSTM,223,-0.4174,3.994093,1.998523,1.617979,24.5477,0.0
F_N+PB+MED,TD-CNN-LSTM,228,0.1194,0.929023,0.963858,0.72195,16.5195,0.0
F_N+PB+MED,TD-CNN-LSTM,230,0.2045,0.263814,0.513628,0.358311,7.4443,0.0
F_N+PB+MED,TD-CNN-LSTM,231,0.7433,0.122538,0.350055,0.255699,7.737,0.0
F_N+PB+MED,TD-CNN-LSTM,232,0.2695,0.197725,0.444663,0.342793,7.0427,0.0
F_N+PB+MED,TD-CNN-LSTM,233,0.1845,1.141138,1.068241,0.609401,18.8965,0.0
F_N+PB+MED,TD-CNN-LSTM,234,-0.1518,0.204968,0.452734,0.336511,5.2036,0.0
F_N+PB+MED,TD-CNN-GRU,100,0.0226,0.096561,0.310743,0.257012,5.5036,0.0
F_N+PB+MED,TD-CNN-GRU,101,0.2371,0.124473,0.352807,0.265061,6.2155,0.0
F_N+PB+MED,TD-CNN-GRU,102,0.286,0.185658,0.430881,0.312548,8.8239,0.0
F_N+PB+MED,TD-CNN-GRU,103,0.469,0.141369,0.37599,0.295322,8.0999,0.0
F_N+PB+MED,TD-CNN-GRU,104,0.3967,0.350669,0.592173,0.415871,11.6819,0.0
F_N+PB+MED,TD-CNN-GRU,105,0.0672,5.068197,2.251266,1.586709,44.4077,0.0
F_N+PB+MED,TD-CNN-GRU,106,0.0087,0.957233,0.978383,0.7463,17.8447,0.0
F_N+PB+MED,TD-CNN-GRU,107,0.52,5.074171,2.252592,1.667156,40.2089,0.0
F_N+PB+MED,TD-CNN-GRU,108,0.0031,0.155872,0.394806,0.30415,6.2946,0.0
F_N+PB+MED,TD-CNN-GRU,109,0.1515,1.473407,1.21384,0.844597,19.9133,0.0
F_N+PB+MED,TD-CNN-GRU,111,0.3649,0.166268,0.40776,0.307733,6.9148,0.0
F_N+PB+MED,TD-CNN-GRU,112,0.1446,0.208583,0.456709,0.405611,8.9279,0.0
F_N+PB+MED,TD-CNN-GRU,113,0.5683,0.546351,0.739156,0.56526,14.3199,0.0
F_N+PB+MED,TD-CNN-GRU,114,0.0233,0.10835,0.329166,0.261695,5.683,0.0
F_N+PB+MED,TD-CNN-GRU,115,0.1255,0.16559,0.406928,0.325054,7.2177,0.0
F_N+PB+MED,TD-CNN-GRU,116,0.3761,0.09776,0.312666,0.254996,6.3562,0.0
F_N+PB+MED,TD-CNN-GRU,117,0.3068,0.354396,0.595311,0.418806,9.6679,0.0
F_N+PB+MED,TD-CNN-GRU,118,0.2163,0.471177,0.686423,0.517491,12.7506,0.0
F_N+PB+MED,TD-CNN-GRU,119,0.069,4.38478,2.093987,1.124937,38.7766,0.0
F_N+PB+MED,TD-CNN-GRU,121,-0.2079,0.400803,0.63309,0.469431,8.857,0.0
F_N+PB+MED,TD-CNN-GRU,122,0.021,0.261654,0.511522,0.411402,9.1474,0.0
F_N+PB+MED,TD-CNN-GRU,123,0.4786,0.097535,0.312305,0.233854,6.2123,0.0
F_N+PB+MED,TD-CNN-GRU,124,-0.0526,0.58088,0.762155,0.524157,12.3055,0.0
F_N+PB+MED,TD-CNN-GRU,200,0.2846,0.105738,0.325173,0.256127,6.5975,0.0
F_N+PB+MED,TD-CNN-GRU,201,-0.1479,0.070801,0.266085,0.207024,3.9983,0.0
F_N+PB+MED,TD-CNN-GRU,202,-0.0695,0.377062,0.614054,0.48099,10.0955,0.0
F_N+PB+MED,TD-CNN-GRU,203,0.006,2.476877,1.57381,0.954049,28.5926,0.0
F_N+PB+MED,TD-CNN-GRU,205,-0.0911,0.18477,0.429849,0.185471,7.2989,0.0
F_N+PB+MED,TD-CNN-GRU,207,0.5089,0.674513,0.821287,0.660895,15.9622,0.0
F_N+PB+MED,TD-CNN-GRU,208,0.0228,1.217289,1.103308,0.688629,23.6563,0.0
F_N+PB+MED,TD-CNN-GRU,209,-0.2386,0.106175,0.325845,0.287715,5.1464,0.0
F_N+PB+MED,TD-CNN-GRU,210,-0.0405,0.220002,0.469043,0.326389,7.6667,0.0
F_N+PB+MED,TD-CNN-GRU,212,0.4779,0.449345,0.670332,0.547997,13.7096,0.0
F_N+PB+MED,TD-CNN-GRU,213,0.7393,0.548661,0.740717,0.628881,16.178,0.0
F_N+PB+MED,TD-CNN-GRU,214,-0.4984,1.259013,1.122058,0.794345,14.391,0.0
F_N+PB+MED,TD-CNN-GRU,215,0.4937,0.166488,0.408029,0.274939,7.6753,0.0
F_N+PB+MED,TD-CNN-GRU,217,-0.0891,4.686711,2.164881,1.474952,36.5727,0.0
F_N+PB+MED,TD-CNN-GRU,219,0.3252,0.931637,0.965213,0.505274,20.137,0.0
F_N+PB+MED,TD-CNN-GRU,220,-0.0644,0.228579,0.478099,0.391166,7.4093,0.0
F_N+PB+MED,TD-CNN-GRU,221,0.0923,0.611726,0.782129,0.435091,14.9006,0.0
F_N+PB+MED,TD-CNN-GRU,222,-0.3677,0.150838,0.388379,0.307696,5.63,0.0
F_N+PB+MED,TD-CNN-GRU,223,-0.4317,4.034522,2.008612,1.567138,23.1666,0.0
F_N+PB+MED,TD-CNN-GRU,228,0.155,0.891514,0.9442,0.707288,16.5769,0.0
F_N+PB+MED,TD-CNN-GRU,230,0.1611,0.278227,0.527472,0.383344,8.1758,0.0
F_N+PB+MED,TD-CNN-GRU,231,0.6276,0.177782,0.421642,0.251704,9.3492,0.0
F_N+PB+MED,TD-CNN-GRU,232,0.2662,0.198638,0.445688,0.353865,7.4923,0.0
F_N+PB+MED,TD-CNN-GRU,233,0.0043,1.393281,1.180373,0.743011,20.1031,0.0
F_N+PB+MED,TD-CNN-GRU,234,-0.0852,0.193114,0.439448,0.330936,6.3094,0.0
F_N+MED,TD-CNN-LSTM,100,-0.2112,0.057363,0.239507,0.17931,3.6391,0.0
F_N+MED,TD-CNN-LSTM,101,-0.3224,0.600029,0.774615,0.581779,9.9081,0.0
F_N+MED,TD-CNN-LSTM,102,0.199,0.071191,0.266816,0.200346,4.5095,0.0
F_N+MED,TD-CNN-LSTM,103,0.269,0.08472,0.291067,0.225012,5.4643,0.0
F_N+MED,TD-CNN-LSTM,104,0.3172,0.156001,0.394969,0.301712,7.0589,0.0
F_N+MED,TD-CNN-LSTM,105,-0.2864,2.936985,1.713763,1.210157,24.8922,0.0
F_N+MED,TD-CNN-LSTM,106,-0.2631,0.407927,0.638692,0.490407,9.3331,0.0
F_N+MED,TD-CNN-LSTM,107,0.222,2.448993,1.564926,1.251752,31.5916,0.0
F_N+MED,TD-CNN-LSTM,108,-0.0444,0.211369,0.459749,0.365382,6.1386,0.0
F_N+MED,TD-CNN-LSTM,109,0.1386,0.448311,0.66956,0.490854,12.1079,0.0
F_N+MED,TD-CNN-LSTM,111,0.3089,0.079529,0.282009,0.222855,4.794,0.0
F_N+MED,TD-CNN-LSTM,112,0.5581,0.434851,0.659432,0.475626,13.887,0.0
F_N+MED,TD-CNN-LSTM,113,0.0312,0.369365,0.607754,0.501868,11.1352,0.0
F_N+MED,TD-CNN-LSTM,114,0.2781,1.71523,1.309668,0.931537,27.5613,0.0
F_N+MED,TD-CNN-LSTM,115,0.422,2.530601,1.590786,1.294041,29.2386,0.0
F_N+MED,TD-CNN-LSTM,116,-0.0083,0.229393,0.47895,0.383832,7.4812,0.0
F_N+MED,TD-CNN-LSTM,117,0.4878,0.560981,0.748986,0.64424,13.9193,0.0
F_N+MED,TD-CNN-LSTM,118,0.2385,0.219165,0.468151,0.31953,9.1823,0.0
F_N+MED,TD-CNN-LSTM,119,0.1597,2.124882,1.457698,1.067285,22.9574,0.0
F_N+MED,TD-CNN-LSTM,121,0.4574,0.998786,0.999393,0.827393,16.9906,0.0
F_N+MED,TD-CNN-LSTM,122,-0.077,0.112618,0.335587,0.28217,4.9607,0.0
F_N+MED,TD-CNN-LSTM,123,-0.6262,0.134148,0.366262,0.301629,4.5667,0.0
F_N+MED,TD-CNN-LSTM,124,0.3984,0.310657,0.557366,0.439794,9.9286,0.0
F_N+MED,TD-CNN-LSTM,200,0.3654,0.119039,0.34502,0.254551,5.6033,0.0
F_N+MED,TD-CNN-LSTM,201,-0.921,0.040201,0.200501,0.157618,2.2042,0.0
F_N+MED,TD-CNN-LSTM,202,-0.3406,0.147213,0.383683,0.312445,5.5124,0.0
F_N+MED,TD-CNN-LSTM,203,-0.0138,0.779567,0.882931,0.553195,15.3747,0.0
F_N+MED,TD-CNN-LSTM,205,-0.2058,0.07294,0.270075,0.163535,4.1781,0.0
F_N+MED,TD-CNN-LSTM,207,0.2238,0.31605,0.562183,0.430609,10.3443,0.0
F_N+MED,TD-CNN-LSTM,208,0.659,0.477466,0.690989,0.50477,14.0195,0.0
F_N+MED,TD-CNN-LSTM,209,0.2594,0.024016,0.154971,0.131102,2.7959,0.0
F_N+MED,TD-CNN-LSTM,210,-0.3408,0.086375,0.293896,0.221816,3.7808,0.0
F_N+MED,TD-CNN-LSTM,212,0.2662,0.217758,0.466646,0.372199,8.3707,0.0
F_N+MED,TD-CNN-LSTM,213,0.3837,0.396465,0.629654,0.522204,12.9317,0.0
F_N+MED,TD-CNN-LSTM,214,-0.1881,0.328169,0.572861,0.412314,8.6015,0.0
F_N+MED,TD-CNN-LSTM,215,0.3248,0.083037,0.288161,0.228064,5.4096,0.0
F_N+MED,TD-CNN-LSTM,217,-0.1542,1.588315,1.260284,0.896109,20.4713,0.0
F_N+MED,TD-CNN-LSTM,219,0.1882,0.451952,0.672274,0.425156,12.8456,0.0
F_N+MED,TD-CNN-LSTM,220,-0.0237,0.088701,0.297828,0.236262,4.5022,0.0
F_N+MED,TD-CNN-LSTM,221,0.0009,0.221096,0.470208,0.2796,7.7989,0.0
F_N+MED,TD-CNN-LSTM,222,-0.51,0.114652,0.338602,0.265615,3.9734,0.0
F_N+MED,TD-CNN-LSTM,223,-0.0404,0.979627,0.989761,0.772937,14.2639,0.0
F_N+MED,TD-CNN-LSTM,228,0.1571,1.21469,1.10213,0.795245,20.481,0.0
F_N+MED,TD-CNN-LSTM,230,0.0837,0.097947,0.312966,0.251004,5.0106,0.0
F_N+MED,TD-CNN-LSTM,231,0.4002,0.116396,0.341169,0.248463,6.7369,0.0
F_N+MED,TD-CNN-LSTM,232,-0.0965,0.113077,0.336269,0.257318,5.1078,0.0
F_N+MED,TD-CNN-LSTM,233,-0.023,0.550267,0.7418,0.550626,12.3608,0.0
F_N+MED,TD-CNN-LSTM,234,-0.3908,0.106162,0.325825,0.256418,3.9111,0.0
F_N+MED,TD-CNN-GRU,100,-0.1635,0.055106,0.234747,0.178057,3.6259,0.0
F_N+MED,TD-CNN-GRU,101,-0.1226,0.509345,0.713684,0.512097,9.5888,0.0
F_N+MED,TD-CNN-GRU,102,0.208,0.070391,0.265313,0.198793,4.5026,0.0
F_N+MED,TD-CNN-GRU,103,0.3506,0.075256,0.274328,0.207076,5.3117,0.0
F_N+MED,TD-CNN-GRU,104,0.3281,0.153492,0.39178,0.297696,7.0048,0.0
F_N+MED,TD-CNN-GRU,105,-0.5094,3.446024,1.856347,1.29727,22.9071,0.0
F_N+MED,TD-CNN-GRU,106,-0.3134,0.424168,0.651282,0.4987,9.2285,0.0
F_N+MED,TD-CNN-GRU,107,0.2416,2.38728,1.545083,1.233281,31.3824,0.0
F_N+MED,TD-CNN-GRU,108,-0.1342,0.229554,0.479118,0.368903,6.0812,0.0
F_N+MED,TD-CNN-GRU,109,0.1287,0.45345,0.673387,0.495497,12.2141,0.0
F_N+MED,TD-CNN-GRU,111,0.3271,0.077431,0.278264,0.214539,4.7478,0.0
F_N+MED,TD-CNN-GRU,112,0.6827,0.31225,0.558794,0.390459,12.0016,0.0
F_N+MED,TD-CNN-GRU,113,0.038,0.366758,0.605606,0.497811,11.1848,0.0
F_N+MED,TD-CNN-GRU,114,0.4418,1.326102,1.151565,0.828017,23.8683,0.0
F_N+MED,TD-CNN-GRU,115,0.6364,1.591963,1.26173,1.006827,23.4393,0.0
F_N+MED,TD-CNN-GRU,116,-0.0621,0.24164,0.491569,0.403527,7.5403,0.0
F_N+MED,TD-CNN-GRU,117,0.5704,0.470506,0.685934,0.594817,13.1708,0.0
F_N+MED,TD-CNN-GRU,118,0.3058,0.19977,0.446957,0.314552,8.5588,0.0
F_N+MED,TD-CNN-GRU,119,0.2231,1.964473,1.401597,0.986214,21.629,0.0
F_N+MED,TD-CNN-GRU,121,0.5065,0.908315,0.953055,0.769451,16.5545,0.0
F_N+MED,TD-CNN-GRU,122,-0.1037,0.115403,0.33971,0.294229,5.1877,0.0
F_N+MED,TD-CNN-GRU,123,-0.7927,0.147881,0.384553,0.322962,5.0123,0.0
F_N+MED,TD-CNN-GRU,124,0.407,0.306209,0.553361,0.438364,9.7983,0.0
F_N+MED,TD-CNN-GRU,200,0.412,0.110292,0.332103,0.247525,5.5009,0.0
F_N+MED,TD-CNN-GRU,201,-1.1714,0.045441,0.213168,0.163391,2.4912,0.0
F_N+MED,TD-CNN-GRU,202,-0.2778,0.140317,0.374589,0.302635,5.5995,0.0
F_N+MED,TD-CNN-GRU,203,-0.042,0.801297,0.895152,0.564511,15.1577,0.0
F_N+MED,TD-CNN-GRU,205,-0.182,0.071504,0.267402,0.163514,4.2796,0.0
F_N+MED,TD-CNN-GRU,207,0.2423,0.308538,0.555462,0.429676,10.048,0.0
F_N+MED,TD-CNN-GRU,208,0.6763,0.453185,0.67319,0.480282,13.7628,0.0
F_N+MED,TD-CNN-GRU,209,0.3219,0.021991,0.148293,0.123668,2.7883,0.0
F_N+MED,TD-CNN-GRU,210,-0.4048,0.090493,0.300821,0.227232,3.7769,0.0
F_N+MED,TD-CNN-GRU,212,0.2981,0.208274,0.45637,0.359831,8.0775,0.0
F_N+MED,TD-CNN-GRU,213,0.3313,0.430172,0.655875,0.542886,13.4078,0.0
F_N+MED,TD-CNN-GRU,214,-0.3127,0.362589,0.602153,0.436097,8.4139,0.0
F_N+MED,TD-CNN-GRU,215,0.3207,0.083538,0.289029,0.222028,5.3091,0.0
F_N+MED,TD-CNN-GRU,217,-0.2065,1.660362,1.28855,0.93099,19.6887,0.0
F_N+MED,TD-CNN-GRU,219,0.1729,0.46045,0.678565,0.424191,12.672,0.0
F_N+MED,TD-CNN-GRU,220,-0.1468,0.099366,0.315223,0.247162,4.6655,0.0
F_N+MED,TD-CNN-GRU,221,0.0039,0.220439,0.469509,0.28297,7.803,0.0
F_N+MED,TD-CNN-GRU,222,-0.5493,0.117633,0.342977,0.269278,4.0508,0.0
F_N+MED,TD-CNN-GRU,223,-0.0116,0.952452,0.975937,0.758892,14.6218,0.0
F_N+MED,TD-CNN-GRU,228,0.1857,1.173437,1.083253,0.800829,19.123,0.0
F_N+MED,TD-CNN-GRU,230,0.1257,0.093461,0.305714,0.234476,5.0227,0.0
F_N+MED,TD-CNN-GRU,231,0.3949,0.117418,0.342663,0.247497,6.7388,0.0
F_N+MED,TD-CNN-GRU,232,-0.1874,0.122456,0.349938,0.264181,4.9658,0.0
F_N+MED,TD-CNN-GRU,233,-0.0096,0.543076,0.736937,0.545578,12.2323,0.0
F_N+MED,TD-CNN-GRU,234,-0.2915,0.098584,0.31398,0.253194,3.8765,0.0
F_MED,TD-CNN-LSTM,100,-0.1526,0.054072,0.232534,0.174337,3.5461,0.0
F_MED,TD-CNN-LSTM,101,-0.3129,0.596238,0.772165,0.583816,9.9356,0.0
F_MED,TD-CNN-LSTM,102,0.2479,0.066775,0.258409,0.192687,4.386,0.0
F_MED,TD-CNN-LSTM,103,0.2987,0.081024,0.284648,0.217683,5.42,0.0
F_MED,TD-CNN-LSTM,104,0.3173,0.155954,0.39491,0.304525,7.1556,0.0
F_MED,TD-CNN-LSTM,105,-0.2637,2.884529,1.69839,1.201612,24.8521,0.0
F_MED,TD-CNN-LSTM,106,-0.2049,0.38697,0.622069,0.471005,9.4847,0.0
F_MED,TD-CNN-LSTM,107,0.2327,2.411711,1.552969,1.226151,31.3941,0.0
F_MED,TD-CNN-LSTM,108,-0.1654,0.236888,0.486711,0.384597,6.8689,0.0
F_MED,TD-CNN-LSTM,109,0.1557,0.437786,0.661654,0.481843,11.816,0.0
F_MED,TD-CNN-LSTM,111,0.3045,0.080436,0.283612,0.221559,4.9474,0.0
F_MED,TD-CNN-LSTM,112,0.5701,0.423149,0.650499,0.46534,13.7791,0.0
F_MED,TD-CNN-LSTM,113,0.0348,0.367851,0.606507,0.496433,11.0425,0.0
F_MED,TD-CNN-LSTM,114,0.1399,2.043917,1.429656,1.018716,29.6331,0.0
F_MED,TD-CNN-LSTM,115,0.4397,2.45226,1.56597,1.289358,28.82,0.0
F_MED,TD-CNN-LSTM,116,-0.0286,0.233925,0.483657,0.386929,7.4597,0.0
F_MED,TD-CNN-LSTM,117,0.4827,0.566234,0.752485,0.646221,13.9787,0.0
F_MED,TD-CNN-LSTM,118,0.2298,0.221622,0.470767,0.327857,9.1317,0.0
F_MED,TD-CNN-LSTM,119,0.1731,2.091771,1.446296,1.054849,22.9445,0.0
F_MED,TD-CNN-LSTM,121,0.4636,0.986882,0.99342,0.820869,17.1531,0.0
F_MED,TD-CNN-LSTM,122,-0.0659,0.111145,0.333384,0.284274,5.0884,0.0
F_MED,TD-CNN-LSTM,123,-0.7103,0.141123,0.375663,0.309095,4.5611,0.0
F_MED,TD-CNN-LSTM,124,0.4143,0.302667,0.550151,0.435287,9.7605,0.0
F_MED,TD-CNN-LSTM,200,0.3407,0.123748,0.351778,0.273425,5.8382,0.0
F_MED,TD-CNN-LSTM,201,-1.1704,0.045135,0.212451,0.163287,2.425,0.0
F_MED,TD-CNN-LSTM,202,-0.3426,0.14693,0.383315,0.31062,5.4345,0.0
F_MED,TD-CNN-LSTM,203,-0.0104,0.779622,0.882962,0.546163,15.5368,0.0
F_MED,TD-CNN-LSTM,205,-0.1651,0.070449,0.265422,0.160285,4.1855,0.0
F_MED,TD-CNN-LSTM,207,0.2014,0.328652,0.573282,0.452022,10.4887,0.0
F_MED,TD-CNN-LSTM,208,0.6527,0.485973,0.697118,0.508929,14.1283,0.0
F_MED,TD-CNN-LSTM,209,0.2823,0.023465,0.153183,0.129273,2.7399,0.0
F_MED,TD-CNN-LSTM,210,-0.3902,0.089699,0.299499,0.227779,3.7768,0.0
F_MED,TD-CNN-LSTM,212,0.2823,0.213073,0.461599,0.368021,8.4637,0.0
F_MED,TD-CNN-LSTM,213,0.3809,0.398234,0.631058,0.523997,13.0285,0.0
F_MED,TD-CNN-LSTM,214,-0.3335,0.369503,0.607868,0.450612,8.9334,0.0
F_MED,TD-CNN-LSTM,215,0.3133,0.08435,0.29043,0.224933,5.5091,0.0
F_MED,TD-CNN-LSTM,217,-0.1338,1.559285,1.248713,0.882563,20.7999,0.0
F_MED,TD-CNN-LSTM,219,0.1996,0.445165,0.667207,0.423419,12.7789,0.0
F_MED,TD-CNN-LSTM,220,-0.0078,0.087215,0.295321,0.234301,4.3692,0.0
F_MED,TD-CNN-LSTM,221,-0.0185,0.225334,0.474693,0.290021,7.8314,0.0
F_MED,TD-CNN-LSTM,222,-0.5838,0.120376,0.346952,0.272795,4.0064,0.0
F_MED,TD-CNN-LSTM,223,-0.0201,0.960745,0.980176,0.768258,14.3956,0.0
F_MED,TD-CNN-LSTM,228,0.0258,1.402019,1.184069,0.841244,22.451,0.0
F_MED,TD-CNN-LSTM,230,0.1169,0.094811,0.307915,0.242126,5.0021,0.0
F_MED,TD-CNN-LSTM,231,0.3559,0.125199,0.353834,0.260559,6.9509,0.0
F_MED,TD-CNN-LSTM,232,-0.0448,0.10781,0.328344,0.244974,5.1186,0.0
F_MED,TD-CNN-LSTM,233,-0.0371,0.557175,0.746441,0.562414,12.6763,0.0
F_MED,TD-CNN-LSTM,234,-0.4085,0.107662,0.328118,0.261006,3.8694,0.0
F_MED,TD-CNN-GRU,100,-0.2306,0.057727,0.240265,0.181072,3.6163,0.0
F_MED,TD-CNN-GRU,101,-0.3476,0.611986,0.782295,0.578784,9.8127,0.0
F_MED,TD-CNN-GRU,102,0.1851,0.072346,0.268973,0.201383,4.5197,0.0
F_MED,TD-CNN-GRU,103,0.2815,0.083017,0.288126,0.221054,5.3522,0.0
F_MED,TD-CNN-GRU,104,0.2874,0.162795,0.403478,0.306656,7.2304,0.0
F_MED,TD-CNN-GRU,105,-0.4452,3.298967,1.816306,1.278367,23.3102,0.0
F_MED,TD-CNN-GRU,106,-0.2549,0.40302,0.634839,0.488611,9.3349,0.0
F_MED,TD-CNN-GRU,107,0.183,2.56794,1.602479,1.249832,32.5439,0.0
F_MED,TD-CNN-GRU,108,-0.0774,0.218986,0.467959,0.374862,6.1518,0.0
F_MED,TD-CNN-GRU,109,0.1099,0.461539,0.679366,0.507255,12.4619,0.0
F_MED,TD-CNN-GRU,111,0.3031,0.080592,0.283887,0.223888,4.7348,0.0
F_MED,TD-CNN-GRU,112,0.6386,0.35573,0.596431,0.427299,12.8923,0.0
F_MED,TD-CNN-GRU,113,0.0391,0.366226,0.605166,0.496406,11.2707,0.0
F_MED,TD-CNN-GRU,114,0.3248,1.604567,1.266715,0.902494,26.3574,0.0
F_MED,TD-CNN-GRU,115,0.5434,1.998647,1.413735,1.156427,26.7314,0.0
F_MED,TD-CNN-GRU,116,0.122,0.199688,0.446865,0.357472,7.0552,0.0
F_MED,TD-CNN-GRU,117,0.5591,0.482619,0.694708,0.604266,13.4422,0.0
F_MED,TD-CNN-GRU,118,0.3538,0.18594,0.431208,0.299209,8.6089,0.0
F_MED,TD-CNN-GRU,119,0.2015,2.020005,1.421269,1.003769,22.1647,0.0
F_MED,TD-CNN-GRU,121,0.4958,0.927763,0.963205,0.780183,16.5949,0.0
F_MED,TD-CNN-GRU,122,0.1077,0.093044,0.305032,0.250352,4.8561,0.0
F_MED,TD-CNN-GRU,123,-0.4823,0.12231,0.349729,0.280168,4.6576,0.0
F_MED,TD-CNN-GRU,124,0.4455,0.286527,0.535282,0.420604,9.6613,0.0
F_MED,TD-CNN-GRU,200,0.3775,0.116843,0.341822,0.249654,5.5265,0.0
F_MED,TD-CNN-GRU,201,-1.033,0.042278,0.205616,0.164239,2.2956,0.0
F_MED,TD-CNN-GRU,202,-0.3167,0.144093,0.379596,0.307198,5.5486,0.0
F_MED,TD-CNN-GRU,203,-0.058,0.81634,0.903515,0.566617,15.251,0.0
F_MED,TD-CNN-GRU,205,-0.1607,0.070182,0.264919,0.161358,4.2476,0.0
F_MED,TD-CNN-GRU,207,0.2315,0.316255,0.562366,0.429107,10.2529,0.0
F_MED,TD-CNN-GRU,208,0.6724,0.458499,0.677126,0.483687,13.7331,0.0
F_MED,TD-CNN-GRU,209,0.2565,0.024309,0.155914,0.132732,2.8282,0.0
F_MED,TD-CNN-GRU,210,-0.3789,0.088969,0.298277,0.220939,3.722,0.0
F_MED,TD-CNN-GRU,212,0.2671,0.217591,0.466467,0.372265,8.2973,0.0
F_MED,TD-CNN-GRU,213,0.2624,0.474432,0.688791,0.564095,13.7944,0.0
F_MED,TD-CNN-GRU,214,-0.2449,0.344943,0.587318,0.42271,8.1428,0.0
F_MED,TD-CNN-GRU,215,0.3247,0.082947,0.288006,0.228659,5.339,0.0
F_MED,TD-CNN-GRU,217,-0.1739,1.614416,1.270597,0.915458,20.104,0.0
F_MED,TD-CNN-GRU,219,0.2084,0.440254,0.663517,0.421434,12.5075,0.0
F_MED,TD-CNN-GRU,220,0.0307,0.083881,0.289623,0.231087,4.4231,0.0
F_MED,TD-CNN-GRU,221,0.0008,0.221071,0.470182,0.276757,7.7293,0.0
F_MED,TD-CNN-GRU,222,-0.6148,0.122729,0.350327,0.274404,4.0454,0.0
F_MED,TD-CNN-GRU,223,0.0194,0.923534,0.961007,0.759088,14.7913,0.0
F_MED,TD-CNN-GRU,228,0.1662,1.19999,1.095441,0.799261,19.96,0.0
F_MED,TD-CNN-GRU,230,0.1015,0.096474,0.310603,0.248115,5.0472,0.0
F_MED,TD-CNN-GRU,231,0.4298,0.110832,0.332915,0.243742,6.5354,0.0
F_MED,TD-CNN-GRU,232,-0.1479,0.118441,0.344152,0.261564,5.0022,0.0
F_MED,TD-CNN-GRU,233,-0.0119,0.543627,0.737311,0.544502,12.2049,0.0
F_MED,TD-CNN-GRU,234,-0.3785,0.105368,0.324605,0.253669,3.8563,0.0
