Paciente,Modelo,R2,RMSE,MAE,n_test
104,NB1,0.8719,0.334824,0.209725,442
104,NB2,0.8958,0.30196,0.180405,442
104,NB4B,0.3485,0.327245,0.238435,442
104,NB5B,0.7928,0.425943,0.279871,442
104,Persistencia,0.428,0.68436,0.439551,442
113,NB1,0.7866,0.463385,0.229051,359
113,NB2,0.8156,0.430678,0.215594,359
113,NB4B,0.6244,0.416226,0.278197,359
113,NB5B,0.7848,0.465331,0.254613,359
113,Persistencia,0.6444,0.546551,0.291386,359
121,NB1,0.7765,1.243126,0.737217,373
121,NB2,0.6838,1.478638,0.842432,373
121,NB4B,0.639,0.733185,0.427301,373
121,NB5B,0.5891,0.706514,0.456328,373
121,Persistencia,0.621,1.618652,1.040519,373
201,NB1,0.3168,0.540201,0.386632,393
201,NB2,0.2796,0.554373,0.39203,393
201,NB4B,0.0023,0.197953,0.151295,393
201,NB5B,-0.0404,0.723406,0.523227,393
201,Persistencia,-0.5573,0.815565,0.578337,393
202,NB1,0.3877,0.561832,0.40821,427
202,NB2,0.464,0.525561,0.368022,427
202,NB4B,0.3095,0.239571,0.176336,427
202,NB5B,0.3258,0.75608,0.504309,427
202,Persistencia,-0.0595,0.738914,0.478609,427
203,NB1,0.361,0.840701,0.545932,595
203,NB2,0.3822,0.826627,0.548996,595
203,NB4B,0.1666,0.942932,0.658546,595
203,NB5B,0.0294,0.986153,0.637005,595
203,Persistencia,-0.3862,1.238235,0.874851,595
205,NB1,0.6289,0.699597,0.251959,531
205,NB2,0.422,1.43376,0.4151,531
205,NB4B,0.2621,0.280006,0.122753,531
205,NB5B,0.2579,1.624611,0.511313,531
205,Persistencia,-0.1817,1.530005,0.518607,531
219,NB1,0.7047,0.464524,0.306956,431
219,NB2,0.7283,0.445548,0.282992,431
219,NB4B,0.5218,0.580834,0.395658,431
219,NB5B,0.5148,0.716741,0.447419,431
219,Persistencia,0.2202,0.754844,0.512081,431
222,NB1,0.2671,0.828346,0.657582,497
222,NB2,0.5315,0.662184,0.509846,497
222,NB4B,0.1857,0.314947,0.241954,497
222,NB5B,0.0597,0.997078,0.771879,497
222,Persistencia,-0.3171,1.110506,0.877503,497
230,NB1,0.7649,0.564997,0.302658,451
230,NB2,0.6329,0.671831,0.443449,451
230,NB4B,0.3982,0.426658,0.318407,451
230,NB5B,0.6507,0.655303,0.432729,451
230,Persistencia,0.4418,0.894059,0.60885,451
