Paciente,NB2_propio,NB2_ajeno_mean,NB2_ajeno_min,NB2_ajeno_max,NB4B,NB5B,Caida_NB2
104,0.8958,-0.12894,-0.7099,0.1507,0.3485,0.7928,1.02474
113,0.8156,-0.22308,-1.5508,0.454,0.6244,0.7848,1.03868
121,0.6838,0.25278,-0.123,0.533,0.639,0.5891,0.43101999999999996
201,0.2796,-1.04926,-1.7887,-0.3265,0.0023,-0.0404,1.3288600000000002
202,0.464,-0.39726,-0.7963,-0.0573,0.3095,0.3258,0.86126
203,0.3822,-0.29972,-0.6722,0.0927,0.1666,0.0294,0.68192
205,0.422,-0.05144,-0.3369,0.0816,0.2621,0.2579,0.47343999999999997
219,0.7283,-0.49887999999999993,-1.8643,0.0607,0.5218,0.5148,1.22718
222,0.5315,-1.49906,-4.2816,-0.1734,0.1857,0.0597,2.03056
230,0.6329,-0.09796000000000002,-0.3123,0.1259,0.3982,0.6507,0.7308600000000001
