Paciente,Escenario,R2,n_test
104,NB2 (propio),0.8958,442
104,NB2 (de pac223),-0.7099,442
104,NB2 (de pac200),0.1507,442
104,NB2 (de pac102),0.0534,442
104,NB2 (de pac213),0.0706,442
104,NB2 (de pac100),-0.2095,442
104,NB4B (global),0.3485,442
104,NB5B (global),0.7928,442
113,NB2 (propio),0.8156,359
113,NB2 (de pac124),-0.1222,359
113,NB2 (de pac123),0.454,359
113,NB2 (de pac219),-0.1873,359
113,NB2 (de pac103),0.2909,359
113,NB2 (de pac105),-1.5508,359
113,NB4B (global),0.6244,359
113,NB5B (global),0.7848,359
121,NB2 (propio),0.6838,373
121,NB2 (de pac230),0.267,373
121,NB2 (de pac114),0.2015,373
121,NB2 (de pac201),0.533,373
121,NB2 (de pac222),0.3854,373
121,NB2 (de pac118),-0.123,373
121,NB4B (global),0.639,373
121,NB5B (global),0.5891,373
201,NB2 (propio),0.2796,393
201,NB2 (de pac113),-0.6243,393
201,NB2 (de pac116),-1.7887,393
201,NB2 (de pac121),-1.076,393
201,NB2 (de pac215),-1.4308,393
201,NB2 (de pac106),-0.3265,393
201,NB4B (global),0.0023,393
201,NB5B (global),-0.0404,393
202,NB2 (propio),0.464,427
202,NB2 (de pac214),-0.1507,427
202,NB2 (de pac123),-0.7963,427
202,NB2 (de pac114),-0.0573,427
202,NB2 (de pac234),-0.661,427
202,NB2 (de pac107),-0.321,427
202,NB4B (global),0.3095,427
202,NB5B (global),0.3258,427
203,NB2 (propio),0.3822,595
203,NB2 (de pac219),-0.2976,595
203,NB2 (de pac109),-0.3612,595
203,NB2 (de pac119),-0.6722,595
203,NB2 (de pac108),-0.2603,595
203,NB2 (de pac202),0.0927,595
203,NB4B (global),0.1666,595
203,NB5B (global),0.0294,595
205,NB2 (propio),0.422,531
205,NB2 (de pac203),0.0757,531
205,NB2 (de pac233),-0.1449,531
205,NB2 (de pac113),0.0673,531
205,NB2 (de pac116),-0.3369,531
205,NB2 (de pac220),0.0816,531
205,NB4B (global),0.2621,531
205,NB5B (global),0.2579,531
219,NB2 (propio),0.7283,431
219,NB2 (de pac223),0.0246,431
219,NB2 (de pac214),-0.7259,431
219,NB2 (de pac200),-1.8643,431
219,NB2 (de pac232),0.0607,431
219,NB2 (de pac102),0.0105,431
219,NB4B (global),0.5218,431
219,NB5B (global),0.5148,431
222,NB2 (propio),0.5315,497
222,NB2 (de pac105),-0.8928,497
222,NB2 (de pac234),-4.2816,497
222,NB2 (de pac101),-1.1351,497
222,NB2 (de pac220),-0.1734,497
222,NB2 (de pac221),-1.0124,497
222,NB4B (global),0.1857,497
222,NB5B (global),0.0597,497
230,NB2 (propio),0.6329,451
230,NB2 (de pac214),-0.1816,451
230,NB2 (de pac122),-0.0153,451
230,NB2 (de pac105),-0.3123,451
230,NB2 (de pac219),0.1259,451
230,NB2 (de pac108),-0.1065,451
230,NB4B (global),0.3982,451
230,NB5B (global),0.6507,451
