Paciente,Modelo,R2,Disponible,n_test
100,NB4B,0.3895,True,455
100,NB5B,0.6573,True,455
100,Persistencia,0.219,True,455
101,NB4B,0.4132,True,373
101,NB5B,0.8382,True,373
101,Persistencia,0.4575,True,373
102,NB4B,0.5306,True,437
102,NB5B,0.8311,True,437
102,Persistencia,0.711,True,437
103,NB4B,0.7603,True,417
103,NB5B,0.9504,True,417
103,Persistencia,0.8314,True,417
104,NB4B,0.3485,True,442
104,NB5B,0.7928,True,442
104,Persistencia,0.428,True,442
105,NB4B,0.1093,True,513
105,NB5B,0.283,True,513
105,Persistencia,-0.6338,True,513
106,NB4B,0.0783,True,405
106,NB5B,0.2431,True,405
106,Persistencia,-0.8982,True,405
107,NB4B,0.7211,True,427
107,NB5B,0.8353,True,427
107,Persistencia,0.6196,True,427
108,NB4B,0.5965,True,353
108,NB5B,0.368,True,353
108,Persistencia,0.2328,True,353
109,NB4B,0.5403,True,506
109,NB5B,0.8005,True,506
109,Persistencia,0.6543,True,506
111,NB4B,0.4404,True,425
111,NB5B,0.8117,True,425
111,Persistencia,0.4063,True,425
112,NB4B,0.6955,True,508
112,NB5B,0.974,True,508
112,Persistencia,0.9158,True,508
113,NB4B,0.6244,True,359
113,NB5B,0.7848,True,359
113,Persistencia,0.6444,True,359
114,NB4B,0.5168,True,376
114,NB5B,0.6089,True,376
114,Persistencia,0.1405,True,376
115,NB4B,0.7341,True,391
115,NB5B,0.7555,True,391
115,Persistencia,0.7529,True,391
116,NB4B,0.5826,True,482
116,NB5B,0.4609,True,482
116,Persistencia,0.2214,True,482
117,NB4B,0.4803,True,307
117,NB5B,0.9648,True,307
117,Persistencia,0.7925,True,307
118,NB4B,0.5754,True,456
118,NB5B,0.78,True,456
118,Persistencia,0.6265,True,456
119,NB4B,0.2514,True,397
119,NB5B,0.7925,True,397
119,Persistencia,-0.801,True,397
121,NB4B,0.639,True,373
121,NB5B,0.5891,True,373
121,Persistencia,0.621,True,373
122,NB4B,0.6322,True,495
122,NB5B,0.9041,True,495
122,Persistencia,0.731,True,495
123,NB4B,0.2897,True,304
123,NB5B,0.6911,True,304
123,Persistencia,0.2485,True,304
124,NB4B,0.5859,True,324
124,NB5B,0.8015,True,324
124,Persistencia,0.5121,True,324
200,NB4B,0.0017,True,520
200,NB5B,0.4765,True,520
200,Persistencia,-1.0862,True,520
201,NB4B,0.0023,True,393
201,NB5B,-0.0404,True,393
201,Persistencia,-0.5573,True,393
202,NB4B,0.3095,True,427
202,NB5B,0.3258,True,427
202,Persistencia,-0.0595,True,427
203,NB4B,0.1666,True,595
203,NB5B,0.0294,True,595
203,Persistencia,-0.3862,True,595
205,NB4B,0.2621,True,531
205,NB5B,0.2579,True,531
205,Persistencia,-0.1817,True,531
207,NB4B,0.6987,True,372
207,NB5B,0.8366,True,372
207,Persistencia,0.7104,True,372
208,NB4B,-0.244,True,591
208,NB5B,0.3595,True,591
208,Persistencia,-0.8688,True,591
209,NB4B,0.5752,True,601
209,NB5B,0.7442,True,601
209,Persistencia,0.3676,True,601
210,NB4B,0.2281,True,530
210,NB5B,0.2784,True,530
210,Persistencia,-0.3963,True,530
212,NB4B,0.6721,True,550
212,NB5B,0.8549,True,550
212,Persistencia,0.5279,True,550
213,NB4B,0.4721,True,650
213,NB5B,0.513,True,650
213,Persistencia,0.0379,True,650
214,NB4B,0.2644,True,452
214,NB5B,0.6041,True,452
214,Persistencia,0.0118,True,452
215,NB4B,0.4608,True,673
215,NB5B,0.6844,True,673
215,Persistencia,0.2576,True,673
217,NB4B,0.4739,True,442
217,NB5B,0.8177,True,442
217,Persistencia,0.4617,True,442
219,NB4B,0.5218,True,431
219,NB5B,0.5148,True,431
219,Persistencia,0.2202,True,431
220,NB4B,0.621,True,410
220,NB5B,0.8934,True,410
220,Persistencia,0.7596,True,410
221,NB4B,0.1539,True,485
221,NB5B,0.1324,True,485
221,Persistencia,-0.3982,True,485
222,NB4B,0.1857,True,497
222,NB5B,0.0597,True,497
222,Persistencia,-0.3171,True,497
223,NB4B,0.1526,True,521
223,NB5B,0.5541,True,521
223,Persistencia,-0.2839,True,521
228,NB4B,-0.0197,True,411
228,NB5B,0.4178,True,411
228,Persistencia,-0.6868,True,411
230,NB4B,0.3982,True,451
230,NB5B,0.6507,True,451
230,Persistencia,0.4418,True,451
231,NB4B,0.7949,True,314
231,NB5B,0.8932,True,314
231,Persistencia,0.802,True,314
232,NB4B,0.4595,True,356
232,NB5B,0.6643,True,356
232,Persistencia,0.6373,True,356
233,NB4B,0.1094,True,616
233,NB5B,0.6716,True,616
233,Persistencia,-0.633,True,616
234,NB4B,0.8227,True,551
234,NB5B,0.8755,True,551
234,Persistencia,0.7174,True,551
