modelo,paciente,combinacion,r2_val_cv,std_val_cv,rank,hp_n_estimators,hp_min_samples_leaf,hp_max_features,hp_max_depth,hp_min_samples_split,hp_learning_rate_init,hp_hidden_layer_sizes,hp_batch_size,hp_alpha
RF,104,1,0.69545,0.01639,15,30,8,sqrt,15,,,,,
RF,104,2,0.6893,0.01118,18,30,8,sqrt,6,,,,,
RF,104,3,0.67417,0.00826,20,30,4,log2,6,,,,,
RF,104,4,0.69437,0.01764,16,120,8,log2,20,,,,,
RF,104,5,0.71134,0.02005,1,120,2,sqrt,20,,,,,
RF,104,6,0.68688,0.01897,19,30,8,log2,15,,,,,
RF,104,7,0.70131,0.01696,9,150,2,log2,10,,,,,
RF,104,8,0.70374,0.01994,7,30,4,sqrt,None,,,,,
RF,104,9,0.7089,0.01844,3,150,4,sqrt,None,,,,,
RF,104,10,0.70489,0.02008,4,30,2,sqrt,10,,,,,
RF,104,11,0.69745,0.017,13,50,2,log2,10,,,,,
RF,104,12,0.70455,0.02105,5,80,1,log2,None,,,,,
RF,104,13,0.70425,0.02033,6,30,2,sqrt,None,,,,,
RF,104,14,0.69368,0.01775,17,120,8,log2,10,,,,,
RF,104,15,0.70244,0.02162,8,50,2,log2,None,,,,,
RF,104,16,0.69967,0.01825,11,80,8,sqrt,None,,,,,
RF,104,17,0.69734,0.018,14,50,8,sqrt,10,,,,,
RF,104,18,0.6981,0.01687,12,80,4,log2,20,,,,,
RF,104,19,0.71058,0.02136,2,80,1,sqrt,15,,,,,
RF,104,20,0.70069,0.01694,10,120,2,log2,10,,,,,
RF,113,1,0.78118,0.00323,12,30,8,sqrt,15,,,,,
RF,113,2,0.77865,0.00241,17,30,8,sqrt,6,,,,,
RF,113,3,0.77009,0.00457,20,30,4,log2,6,,,,,
RF,113,4,0.78028,0.00716,14,120,8,log2,20,,,,,
RF,113,5,0.78723,0.00405,2,120,2,sqrt,20,,,,,
RF,113,6,0.77755,0.00671,19,30,8,log2,15,,,,,
RF,113,7,0.78227,0.00364,9,150,2,log2,10,,,,,
RF,113,8,0.78359,0.00388,6,30,4,sqrt,None,,,,,
RF,113,9,0.78784,0.00369,1,150,4,sqrt,None,,,,,
RF,113,10,0.77796,0.00281,18,30,2,sqrt,10,,,,,
RF,113,11,0.77935,0.0051,15,50,2,log2,10,,,,,
RF,113,12,0.78418,0.00524,5,80,1,log2,None,,,,,
RF,113,13,0.78181,0.00575,10,30,2,sqrt,None,,,,,
RF,113,14,0.77921,0.00658,16,120,8,log2,10,,,,,
RF,113,15,0.78085,0.0037,13,50,2,log2,None,,,,,
RF,113,16,0.78501,0.00254,3,80,8,sqrt,None,,,,,
RF,113,17,0.7846,0.00332,4,50,8,sqrt,10,,,,,
RF,113,18,0.78264,0.00672,8,80,4,log2,20,,,,,
RF,113,19,0.78269,0.00529,7,80,1,sqrt,15,,,,,
RF,113,20,0.78143,0.00374,11,120,2,log2,10,,,,,
RF,121,1,0.77001,0.05217,8,30,8,sqrt,15,,,,,
RF,121,2,0.7688,0.05231,9,30,8,sqrt,6,,,,,
RF,121,3,0.75085,0.05416,19,30,4,log2,6,,,,,
RF,121,4,0.75783,0.05679,12,120,8,log2,20,,,,,
RF,121,5,0.77681,0.04798,1,120,2,sqrt,20,,,,,
RF,121,6,0.75677,0.05619,16,30,8,log2,15,,,,,
RF,121,7,0.7575,0.05804,14,150,2,log2,10,,,,,
RF,121,8,0.76779,0.05067,10,30,4,sqrt,None,,,,,
RF,121,9,0.7744,0.05106,2,150,4,sqrt,None,,,,,
RF,121,10,0.77289,0.04696,5,30,2,sqrt,10,,,,,
RF,121,11,0.75085,0.05947,18,50,2,log2,10,,,,,
RF,121,12,0.75478,0.05731,17,80,1,log2,None,,,,,
RF,121,13,0.77085,0.04579,7,30,2,sqrt,None,,,,,
RF,121,14,0.75792,0.05668,11,120,8,log2,10,,,,,
RF,121,15,0.75041,0.0586,20,50,2,log2,None,,,,,
RF,121,16,0.77364,0.0515,3,80,8,sqrt,None,,,,,
RF,121,17,0.77347,0.05163,4,50,8,sqrt,10,,,,,
RF,121,18,0.75782,0.0569,13,80,4,log2,20,,,,,
RF,121,19,0.77154,0.04686,6,80,1,sqrt,15,,,,,
RF,121,20,0.75705,0.05755,15,120,2,log2,10,,,,,
RF,201,1,0.19356,0.06266,14,30,8,sqrt,15,,,,,
RF,201,2,0.18188,0.05031,16,30,8,sqrt,6,,,,,
RF,201,3,0.1768,0.05432,17,30,4,log2,6,,,,,
RF,201,4,0.17564,0.04818,18,120,8,log2,20,,,,,
RF,201,5,0.21227,0.07349,2,120,2,sqrt,20,,,,,
RF,201,6,0.16998,0.04791,20,30,8,log2,15,,,,,
RF,201,7,0.20251,0.06872,5,150,2,log2,10,,,,,
RF,201,8,0.19636,0.06379,11,30,4,sqrt,None,,,,,
RF,201,9,0.20453,0.0675,3,150,4,sqrt,None,,,,,
RF,201,10,0.19936,0.06633,8,30,2,sqrt,10,,,,,
RF,201,11,0.20133,0.07247,7,50,2,log2,10,,,,,
RF,201,12,0.20452,0.07725,4,80,1,log2,None,,,,,
RF,201,13,0.19885,0.06938,9,30,2,sqrt,None,,,,,
RF,201,14,0.17542,0.0475,19,120,8,log2,10,,,,,
RF,201,15,0.19859,0.06774,10,50,2,log2,None,,,,,
RF,201,16,0.19462,0.05888,13,80,8,sqrt,None,,,,,
RF,201,17,0.18906,0.05384,15,50,8,sqrt,10,,,,,
RF,201,18,0.19597,0.06272,12,80,4,log2,20,,,,,
RF,201,19,0.21501,0.07117,1,80,1,sqrt,15,,,,,
RF,201,20,0.20153,0.06982,6,120,2,log2,10,,,,,
RF,202,1,0.25876,0.0108,17,30,8,sqrt,15,,,,,
RF,202,2,0.25411,0.01276,18,30,8,sqrt,6,,,,,
RF,202,3,0.24328,0.01541,20,30,4,log2,6,,,,,
RF,202,4,0.26935,0.01646,6,120,8,log2,20,,,,,
RF,202,5,0.27463,0.02377,1,120,2,sqrt,20,,,,,
RF,202,6,0.26957,0.01155,5,30,8,log2,15,,,,,
RF,202,7,0.26313,0.01072,12,150,2,log2,10,,,,,
RF,202,8,0.26084,0.02101,16,30,4,sqrt,None,,,,,
RF,202,9,0.26987,0.01234,4,150,4,sqrt,None,,,,,
RF,202,10,0.27241,0.02171,2,30,2,sqrt,10,,,,,
RF,202,11,0.24832,0.02141,19,50,2,log2,10,,,,,
RF,202,12,0.26678,0.01419,10,80,1,log2,None,,,,,
RF,202,13,0.26859,0.0219,7,30,2,sqrt,None,,,,,
RF,202,14,0.267,0.01463,9,120,8,log2,10,,,,,
RF,202,15,0.26825,0.01427,8,50,2,log2,None,,,,,
RF,202,16,0.26602,0.00631,11,80,8,sqrt,None,,,,,
RF,202,17,0.26252,0.00759,14,50,8,sqrt,10,,,,,
RF,202,18,0.2714,0.01057,3,80,4,log2,20,,,,,
RF,202,19,0.26293,0.03105,13,80,1,sqrt,15,,,,,
RF,202,20,0.26118,0.01333,15,120,2,log2,10,,,,,
RF,203,1,0.25003,0.0361,12,30,8,sqrt,15,,,,,
RF,203,2,0.23827,0.04682,18,30,8,sqrt,6,,,,,
RF,203,3,0.20658,0.04117,20,30,4,log2,6,,,,,
RF,203,4,0.24611,0.03068,15,120,8,log2,20,,,,,
RF,203,5,0.26558,0.04081,2,120,2,sqrt,20,,,,,
RF,203,6,0.23431,0.02826,19,30,8,log2,15,,,,,
RF,203,7,0.24767,0.03691,13,150,2,log2,10,,,,,
RF,203,8,0.25843,0.03816,4,30,4,sqrt,None,,,,,
RF,203,9,0.26665,0.03679,1,150,4,sqrt,None,,,,,
RF,203,10,0.25699,0.03843,5,30,2,sqrt,10,,,,,
RF,203,11,0.24482,0.04035,16,50,2,log2,10,,,,,
RF,203,12,0.25441,0.02911,8,80,1,log2,None,,,,,
RF,203,13,0.2536,0.04164,11,30,2,sqrt,None,,,,,
RF,203,14,0.2396,0.03349,17,120,8,log2,10,,,,,
RF,203,15,0.25406,0.03385,9,50,2,log2,None,,,,,
RF,203,16,0.25576,0.03588,6,80,8,sqrt,None,,,,,
RF,203,17,0.25381,0.0376,10,50,8,sqrt,10,,,,,
RF,203,18,0.25519,0.0304,7,80,4,log2,20,,,,,
RF,203,19,0.26139,0.03587,3,80,1,sqrt,15,,,,,
RF,203,20,0.24765,0.03639,14,120,2,log2,10,,,,,
RF,205,1,0.55466,0.05593,6,30,8,sqrt,15,,,,,
RF,205,2,0.54753,0.04481,9,30,8,sqrt,6,,,,,
RF,205,3,0.51837,0.07991,19,30,4,log2,6,,,,,
RF,205,4,0.53788,0.06726,15,120,8,log2,20,,,,,
RF,205,5,0.56789,0.05805,2,120,2,sqrt,20,,,,,
RF,205,6,0.51544,0.09006,20,30,8,log2,15,,,,,
RF,205,7,0.53876,0.0758,13,150,2,log2,10,,,,,
RF,205,8,0.57069,0.03006,1,30,4,sqrt,None,,,,,
RF,205,9,0.56698,0.05382,3,150,4,sqrt,None,,,,,
RF,205,10,0.54917,0.05478,7,30,2,sqrt,10,,,,,
RF,205,11,0.53841,0.06572,14,50,2,log2,10,,,,,
RF,205,12,0.54183,0.07498,12,80,1,log2,None,,,,,
RF,205,13,0.5347,0.07819,18,30,2,sqrt,None,,,,,
RF,205,14,0.53752,0.06974,16,120,8,log2,10,,,,,
RF,205,15,0.53557,0.08557,17,50,2,log2,None,,,,,
RF,205,16,0.55828,0.05182,5,80,8,sqrt,None,,,,,
RF,205,17,0.54859,0.05553,8,50,8,sqrt,10,,,,,
RF,205,18,0.5463,0.0663,11,80,4,log2,20,,,,,
RF,205,19,0.56175,0.04648,4,80,1,sqrt,15,,,,,
RF,205,20,0.54644,0.06369,10,120,2,log2,10,,,,,
RF,219,1,0.61619,0.05455,11,30,8,sqrt,15,,,,,
RF,219,2,0.61089,0.05336,15,30,8,sqrt,6,,,,,
RF,219,3,0.59548,0.04028,17,30,4,log2,6,,,,,
RF,219,4,0.58485,0.05188,19,120,8,log2,20,,,,,
RF,219,5,0.63838,0.05363,1,120,2,sqrt,20,,,,,
RF,219,6,0.58845,0.0503,18,30,8,log2,15,,,,,
RF,219,7,0.61429,0.04218,14,150,2,log2,10,,,,,
RF,219,8,0.63132,0.05315,6,30,4,sqrt,None,,,,,
RF,219,9,0.63402,0.05226,4,150,4,sqrt,None,,,,,
RF,219,10,0.63436,0.05408,3,30,2,sqrt,10,,,,,
RF,219,11,0.61681,0.04197,9,50,2,log2,10,,,,,
RF,219,12,0.6189,0.04179,7,80,1,log2,None,,,,,
RF,219,13,0.63325,0.05207,5,30,2,sqrt,None,,,,,
RF,219,14,0.58387,0.0509,20,120,8,log2,10,,,,,
RF,219,15,0.61681,0.04261,8,50,2,log2,None,,,,,
RF,219,16,0.61602,0.05286,12,80,8,sqrt,None,,,,,
RF,219,17,0.61639,0.0524,10,50,8,sqrt,10,,,,,
RF,219,18,0.60719,0.04547,16,80,4,log2,20,,,,,
RF,219,19,0.63458,0.05149,2,80,1,sqrt,15,,,,,
RF,219,20,0.61507,0.04213,13,120,2,log2,10,,,,,
RF,222,1,0.38627,0.03728,9,30,8,sqrt,15,,,,,
RF,222,2,0.37876,0.03158,10,30,8,sqrt,6,,,,,
RF,222,3,0.34948,0.02869,20,30,4,log2,6,,,,,
RF,222,4,0.35641,0.0254,17,120,8,log2,20,,,,,
RF,222,5,0.39782,0.03624,2,120,2,sqrt,20,,,,,
RF,222,6,0.35004,0.02531,19,30,8,log2,15,,,,,
RF,222,7,0.36752,0.02754,13,150,2,log2,10,,,,,
RF,222,8,0.39263,0.04071,4,30,4,sqrt,None,,,,,
RF,222,9,0.39797,0.03704,1,150,4,sqrt,None,,,,,
RF,222,10,0.38962,0.03296,5,30,2,sqrt,10,,,,,
RF,222,11,0.36715,0.02756,14,50,2,log2,10,,,,,
RF,222,12,0.36526,0.02912,16,80,1,log2,None,,,,,
RF,222,13,0.3896,0.04015,6,30,2,sqrt,None,,,,,
RF,222,14,0.35569,0.02498,18,120,8,log2,10,,,,,
RF,222,15,0.36876,0.02721,11,50,2,log2,None,,,,,
RF,222,16,0.38897,0.03456,7,80,8,sqrt,None,,,,,
RF,222,17,0.38719,0.03461,8,50,8,sqrt,10,,,,,
RF,222,18,0.36674,0.02788,15,80,4,log2,20,,,,,
RF,222,19,0.39629,0.0376,3,80,1,sqrt,15,,,,,
RF,222,20,0.36874,0.02785,12,120,2,log2,10,,,,,
RF,230,1,0.65547,0.04253,7,30,8,sqrt,15,,,,,
RF,230,2,0.6519,0.04328,12,30,8,sqrt,6,,,,,
RF,230,3,0.63843,0.04384,20,30,4,log2,6,,,,,
RF,230,4,0.64767,0.04088,14,120,8,log2,20,,,,,
RF,230,5,0.66357,0.04911,2,120,2,sqrt,20,,,,,
RF,230,6,0.64328,0.04207,19,30,8,log2,15,,,,,
RF,230,7,0.65329,0.04789,10,150,2,log2,10,,,,,
RF,230,8,0.65893,0.04489,4,30,4,sqrt,None,,,,,
RF,230,9,0.66526,0.04424,1,150,4,sqrt,None,,,,,
RF,230,10,0.65524,0.05033,8,30,2,sqrt,10,,,,,
RF,230,11,0.64587,0.04636,18,50,2,log2,10,,,,,
RF,230,12,0.64766,0.0464,15,80,1,log2,None,,,,,
RF,230,13,0.6559,0.04639,6,30,2,sqrt,None,,,,,
RF,230,14,0.64665,0.04095,17,120,8,log2,10,,,,,
RF,230,15,0.647,0.04632,16,50,2,log2,None,,,,,
RF,230,16,0.65985,0.04036,3,80,8,sqrt,None,,,,,
RF,230,17,0.6582,0.03951,5,50,8,sqrt,10,,,,,
RF,230,18,0.6544,0.04283,9,80,4,log2,20,,,,,
RF,230,19,0.6504,0.05556,13,80,1,sqrt,15,,,,,
RF,230,20,0.65301,0.04778,11,120,2,log2,10,,,,,
DT,104,1,0.55153,0.04965,13,,2,,8,2,,,,
DT,104,2,0.58545,0.03556,9,,2,,8,20,,,,
DT,104,3,0.61774,0.01255,5,,2,,4,2,,,,
DT,104,4,0.60409,0.03858,8,,8,,8,20,,,,
DT,104,5,0.60955,0.03399,7,,2,,6,10,,,,
DT,104,6,0.47355,0.03952,19,,2,,12,2,,,,
DT,104,7,0.57343,0.03648,11,,8,,12,5,,,,
DT,104,8,0.61834,0.01203,2,,4,,4,10,,,,
DT,104,9,0.52669,0.06664,14,,1,,8,2,,,,
DT,104,10,0.56553,0.02807,12,,2,,None,20,,,,
DT,104,11,0.61558,0.01558,6,,16,,4,10,,,,
DT,104,12,0.50543,0.03132,18,,1,,12,10,,,,
DT,104,13,0.61834,0.01203,2,,4,,4,20,,,,
DT,104,14,0.62629,0.03508,1,,16,,6,2,,,,
DT,104,15,0.51581,0.03132,15,,4,,16,5,,,,
DT,104,16,0.5748,0.04323,10,,4,,16,20,,,,
DT,104,17,0.51492,0.03138,17,,4,,None,5,,,,
DT,104,18,0.61793,0.01239,4,,1,,4,2,,,,
DT,104,19,0.51581,0.03132,15,,4,,16,2,,,,
DT,104,20,0.4467,0.02287,20,,2,,None,2,,,,
DT,113,1,0.67307,0.03699,13,,2,,8,2,,,,
DT,113,2,0.71828,0.00908,8,,2,,8,20,,,,
DT,113,3,0.72636,0.01089,5,,2,,4,2,,,,
DT,113,4,0.71924,0.00428,7,,8,,8,20,,,,
DT,113,5,0.71746,0.01528,9,,2,,6,10,,,,
DT,113,6,0.61395,0.02384,19,,2,,12,2,,,,
DT,113,7,0.68235,0.01278,11,,8,,12,5,,,,
DT,113,8,0.73063,0.00746,4,,4,,4,10,,,,
DT,113,9,0.66367,0.0389,14,,1,,8,2,,,,
DT,113,10,0.67508,0.03246,12,,2,,None,20,,,,
DT,113,11,0.73588,0.00366,2,,16,,4,10,,,,
DT,113,12,0.62476,0.00489,18,,1,,12,10,,,,
DT,113,13,0.73598,0.00363,1,,4,,4,20,,,,
DT,113,14,0.73423,0.00367,3,,16,,6,2,,,,
DT,113,15,0.64116,0.01385,16,,4,,16,5,,,,
DT,113,16,0.69486,0.0178,10,,4,,16,20,,,,
DT,113,17,0.64309,0.01145,15,,4,,None,5,,,,
DT,113,18,0.72636,0.01089,5,,1,,4,2,,,,
DT,113,19,0.64116,0.01385,16,,4,,16,2,,,,
DT,113,20,0.59702,0.01899,20,,2,,None,2,,,,
DT,121,1,0.64257,0.06727,16,,2,,8,2,,,,
DT,121,2,0.69591,0.03472,9,,2,,8,20,,,,
DT,121,3,0.7226,0.05488,5,,2,,4,2,,,,
DT,121,4,0.7085,0.02227,6,,8,,8,20,,,,
DT,121,5,0.6975,0.04727,7,,2,,6,10,,,,
DT,121,6,0.59723,0.03876,17,,2,,12,2,,,,
DT,121,7,0.68556,0.02207,10,,8,,12,5,,,,
DT,121,8,0.73891,0.0472,4,,4,,4,10,,,,
DT,121,9,0.54913,0.08025,20,,1,,8,2,,,,
DT,121,10,0.67889,0.01861,12,,2,,None,20,,,,
DT,121,11,0.75678,0.03823,1,,16,,4,10,,,,
DT,121,12,0.55721,0.11478,19,,1,,12,10,,,,
DT,121,13,0.74472,0.04411,3,,4,,4,20,,,,
DT,121,14,0.74849,0.03346,2,,16,,6,2,,,,
DT,121,15,0.66081,0.00424,13,,4,,16,5,,,,
DT,121,16,0.69641,0.0155,8,,4,,16,20,,,,
DT,121,17,0.6604,0.00405,15,,4,,None,5,,,,
DT,121,18,0.68129,0.06916,11,,1,,4,2,,,,
DT,121,19,0.66081,0.00424,13,,4,,16,2,,,,
DT,121,20,0.58703,0.02974,18,,2,,None,2,,,,
DT,201,1,-0.06505,0.14815,16,,2,,8,2,,,,
DT,201,2,0.02232,0.07262,9,,2,,8,20,,,,
DT,201,3,0.06556,0.05826,7,,2,,4,2,,,,
DT,201,4,0.10452,0.05158,2,,8,,8,20,,,,
DT,201,5,0.00612,0.10401,10,,2,,6,10,,,,
DT,201,6,-0.11202,0.16372,18,,2,,12,2,,,,
DT,201,7,0.084,0.05562,4,,8,,12,5,,,,
DT,201,8,0.0778,0.0468,6,,4,,4,10,,,,
DT,201,9,-0.18432,0.20674,20,,1,,8,2,,,,
DT,201,10,0.00325,0.07359,11,,2,,None,20,,,,
DT,201,11,0.09699,0.027,3,,16,,4,10,,,,
DT,201,12,-0.11139,0.14486,17,,1,,12,10,,,,
DT,201,13,0.07792,0.04626,5,,4,,4,20,,,,
DT,201,14,0.10797,0.0355,1,,16,,6,2,,,,
DT,201,15,-0.00442,0.11444,14,,4,,16,5,,,,
DT,201,16,0.03949,0.07406,8,,4,,16,20,,,,
DT,201,17,-0.00183,0.1179,12,,4,,None,5,,,,
DT,201,18,-0.00341,0.12322,13,,1,,4,2,,,,
DT,201,19,-0.00442,0.11444,14,,4,,16,2,,,,
DT,201,20,-0.1214,0.17736,19,,2,,None,2,,,,
DT,202,1,-0.09536,0.24808,15,,2,,8,2,,,,
DT,202,2,-0.04077,0.21875,11,,2,,8,20,,,,
DT,202,3,0.17263,0.06591,3,,2,,4,2,,,,
DT,202,4,0.07515,0.1429,6,,8,,8,20,,,,
DT,202,5,-0.00147,0.21352,8,,2,,6,10,,,,
DT,202,6,-0.2378,0.32443,17,,2,,12,2,,,,
DT,202,7,0.06149,0.14931,7,,8,,12,5,,,,
DT,202,8,0.18216,0.07446,1,,4,,4,10,,,,
DT,202,9,-0.26107,0.47703,18,,1,,8,2,,,,
DT,202,10,-0.10705,0.28209,16,,2,,None,20,,,,
DT,202,11,0.14196,0.09352,4,,16,,4,10,,,,
DT,202,12,-0.40604,0.54624,20,,1,,12,10,,,,
DT,202,13,0.18216,0.07446,1,,4,,4,20,,,,
DT,202,14,0.11578,0.11101,5,,16,,6,2,,,,
DT,202,15,-0.08541,0.26354,12,,4,,16,5,,,,
DT,202,16,-0.03319,0.22875,10,,4,,16,20,,,,
DT,202,17,-0.08681,0.26451,14,,4,,None,5,,,,
DT,202,18,-0.02657,0.3012,9,,1,,4,2,,,,
DT,202,19,-0.08541,0.26354,12,,4,,16,2,,,,
DT,202,20,-0.28423,0.3603,19,,2,,None,2,,,,
DT,203,1,-0.00666,0.06876,13,,2,,8,2,,,,
DT,203,2,0.06247,0.06351,9,,2,,8,20,,,,
DT,203,3,0.09316,0.03988,6,,2,,4,2,,,,
DT,203,4,0.11473,0.07632,5,,8,,8,20,,,,
DT,203,5,0.04625,0.06651,10,,2,,6,10,,,,
DT,203,6,-0.11974,0.12057,19,,2,,12,2,,,,
DT,203,7,0.0763,0.0896,8,,8,,12,5,,,,
DT,203,8,0.13033,0.0724,4,,4,,4,10,,,,
DT,203,9,-0.02626,0.08791,14,,1,,8,2,,,,
DT,203,10,0.01713,0.10187,11,,2,,None,20,,,,
DT,203,11,0.16153,0.08022,1,,16,,4,10,,,,
DT,203,12,-0.11763,0.12057,18,,1,,12,10,,,,
DT,203,13,0.13586,0.0792,3,,4,,4,20,,,,
DT,203,14,0.14069,0.09103,2,,16,,6,2,,,,
DT,203,15,-0.08766,0.14388,15,,4,,16,5,,,,
DT,203,16,0.01193,0.10206,12,,4,,16,20,,,,
DT,203,17,-0.10184,0.15258,17,,4,,None,5,,,,
DT,203,18,0.07925,0.04208,7,,1,,4,2,,,,
DT,203,19,-0.08766,0.14388,15,,4,,16,2,,,,
DT,203,20,-0.22912,0.17074,20,,2,,None,2,,,,
DT,205,1,0.24189,0.20661,15,,2,,8,2,,,,
DT,205,2,0.31094,0.1301,14,,2,,8,20,,,,
DT,205,3,0.34491,0.19675,9,,2,,4,2,,,,
DT,205,4,0.37979,0.099,6,,8,,8,20,,,,
DT,205,5,0.35195,0.09974,8,,2,,6,10,,,,
DT,205,6,0.22813,0.19961,17,,2,,12,2,,,,
DT,205,7,0.38216,0.08187,5,,8,,12,5,,,,
DT,205,8,0.42923,0.08289,1,,4,,4,10,,,,
DT,205,9,0.01223,0.27469,20,,1,,8,2,,,,
DT,205,10,0.31719,0.10885,13,,2,,None,20,,,,
DT,205,11,0.401,0.13002,3,,16,,4,10,,,,
DT,205,12,0.22763,0.10285,18,,1,,12,10,,,,
DT,205,13,0.40054,0.09036,4,,4,,4,20,,,,
DT,205,14,0.41554,0.11992,2,,16,,6,2,,,,
DT,205,15,0.32329,0.17503,11,,4,,16,5,,,,
DT,205,16,0.3748,0.08832,7,,4,,16,20,,,,
DT,205,17,0.32746,0.17385,10,,4,,None,5,,,,
DT,205,18,0.23721,0.26222,16,,1,,4,2,,,,
DT,205,19,0.32329,0.17503,11,,4,,16,2,,,,
DT,205,20,0.2234,0.19141,19,,2,,None,2,,,,
DT,219,1,0.5104,0.05842,16,,2,,8,2,,,,
DT,219,2,0.5479,0.07089,11,,2,,8,20,,,,
DT,219,3,0.55523,0.07015,10,,2,,4,2,,,,
DT,219,4,0.58552,0.05385,2,,8,,8,20,,,,
DT,219,5,0.55853,0.06904,8,,2,,6,10,,,,
DT,219,6,0.48207,0.04165,19,,2,,12,2,,,,
DT,219,7,0.58372,0.05594,3,,8,,12,5,,,,
DT,219,8,0.56743,0.06408,5,,4,,4,10,,,,
DT,219,9,0.45924,0.07644,20,,1,,8,2,,,,
DT,219,10,0.54545,0.06303,13,,2,,None,20,,,,
DT,219,11,0.56821,0.07137,4,,16,,4,10,,,,
DT,219,12,0.50669,0.06472,17,,1,,12,10,,,,
DT,219,13,0.56476,0.06136,7,,4,,4,20,,,,
DT,219,14,0.59335,0.06954,1,,16,,6,2,,,,
DT,219,15,0.54507,0.05628,14,,4,,16,5,,,,
DT,219,16,0.56649,0.0644,6,,4,,16,20,,,,
DT,219,17,0.54547,0.05659,12,,4,,None,5,,,,
DT,219,18,0.55827,0.06459,9,,1,,4,2,,,,
DT,219,19,0.54507,0.05628,14,,4,,16,2,,,,
DT,219,20,0.48832,0.04606,18,,2,,None,2,,,,
DT,222,1,0.17321,0.11112,17,,2,,8,2,,,,
DT,222,2,0.2405,0.07007,12,,2,,8,20,,,,
DT,222,3,0.30601,0.08062,5,,2,,4,2,,,,
DT,222,4,0.27611,0.07097,7,,8,,8,20,,,,
DT,222,5,0.25798,0.07817,9,,2,,6,10,,,,
DT,222,6,0.14292,0.09976,20,,2,,12,2,,,,
DT,222,7,0.26619,0.07407,8,,8,,12,5,,,,
DT,222,8,0.31271,0.06468,3,,4,,4,10,,,,
DT,222,9,0.14541,0.14856,19,,1,,8,2,,,,
DT,222,10,0.24396,0.07384,11,,2,,None,20,,,,
DT,222,11,0.32294,0.06467,2,,16,,4,10,,,,
DT,222,12,0.2015,0.07262,16,,1,,12,10,,,,
DT,222,13,0.3124,0.06443,4,,4,,4,20,,,,
DT,222,14,0.33066,0.05379,1,,16,,6,2,,,,
DT,222,15,0.21205,0.08705,13,,4,,16,5,,,,
DT,222,16,0.25086,0.07117,10,,4,,16,20,,,,
DT,222,17,0.20857,0.0884,15,,4,,None,5,,,,
DT,222,18,0.30601,0.08062,5,,1,,4,2,,,,
DT,222,19,0.21205,0.08705,13,,4,,16,2,,,,
DT,222,20,0.15501,0.07859,18,,2,,None,2,,,,
DT,230,1,0.3504,0.2474,16,,2,,8,2,,,,
DT,230,2,0.42425,0.18438,14,,2,,8,20,,,,
DT,230,3,0.53234,0.09633,6,,2,,4,2,,,,
DT,230,4,0.53674,0.09061,5,,8,,8,20,,,,
DT,230,5,0.48085,0.16874,9,,2,,6,10,,,,
DT,230,6,0.24178,0.24789,18,,2,,12,2,,,,
DT,230,7,0.53028,0.08637,7,,8,,12,5,,,,
DT,230,8,0.54635,0.11119,3,,4,,4,10,,,,
DT,230,9,-0.12135,0.84283,20,,1,,8,2,,,,
DT,230,10,0.3817,0.16107,15,,2,,None,20,,,,
DT,230,11,0.57472,0.08866,2,,16,,4,10,,,,
DT,230,12,0.26492,0.22649,17,,1,,12,10,,,,
DT,230,13,0.54295,0.1102,4,,4,,4,20,,,,
DT,230,14,0.57894,0.08092,1,,16,,6,2,,,,
DT,230,15,0.43024,0.09068,11,,4,,16,5,,,,
DT,230,16,0.49364,0.10067,8,,4,,16,20,,,,
DT,230,17,0.42959,0.09049,13,,4,,None,5,,,,
DT,230,18,0.44339,0.17654,10,,1,,4,2,,,,
DT,230,19,0.43024,0.09068,11,,4,,16,2,,,,
DT,230,20,0.2183,0.23813,19,,2,,None,2,,,,
MLP,104,1,0.70337,0.0195,15,,,,,,0.0001,"(128,)",64,1e-05
MLP,104,2,0.7088,0.01416,8,,,,,,0.001,"(128,)",32,1e-05
MLP,104,3,0.71761,0.04488,1,,,,,,0.0005,"(256, 128)",64,0.0001
MLP,104,4,0.71147,0.03762,5,,,,,,0.0005,"(128, 64)",128,0.0001
MLP,104,5,0.7043,0.02076,14,,,,,,0.0001,"(128,)",128,0.0001
MLP,104,6,0.70029,0.02505,18,,,,,,0.0001,"(256, 128)",128,0.001
MLP,104,7,0.70655,0.03279,10,,,,,,0.0005,"(256, 128)",128,0.01
MLP,104,8,0.70316,0.0036,16,,,,,,0.001,"(128,)",64,0.0001
MLP,104,9,0.71331,0.03043,3,,,,,,0.0005,"(128, 64)",32,1e-05
MLP,104,10,0.69262,0.01781,20,,,,,,0.005,"(64,)",64,0.001
MLP,104,11,0.70782,0.01923,9,,,,,,0.0005,"(128,)",128,1e-05
MLP,104,12,0.69916,0.00733,19,,,,,,0.001,"(128,)",64,0.01
MLP,104,13,0.70609,0.02525,11,,,,,,0.001,"(256, 128)",128,0.0001
MLP,104,14,0.70952,0.03376,6,,,,,,0.0001,"(128, 64)",128,0.001
MLP,104,15,0.70587,0.03307,12,,,,,,0.0005,"(256, 128)",128,0.0001
MLP,104,16,0.71246,0.04486,4,,,,,,0.001,"(128, 64)",128,0.01
MLP,104,17,0.70526,0.00641,13,,,,,,0.0005,"(128,)",32,0.01
MLP,104,18,0.71399,0.03785,2,,,,,,0.005,"(256, 128)",32,1e-05
MLP,104,19,0.70098,0.03532,17,,,,,,0.0001,"(256, 128)",64,0.001
MLP,104,20,0.7092,0.00701,7,,,,,,0.0005,"(128,)",32,0.001
MLP,113,1,0.77392,0.02013,20,,,,,,0.0001,"(128,)",64,1e-05
MLP,113,2,0.77882,0.01718,11,,,,,,0.001,"(128,)",32,1e-05
MLP,113,3,0.77648,0.01898,16,,,,,,0.0005,"(256, 128)",64,0.0001
MLP,113,4,0.78003,0.01911,6,,,,,,0.0005,"(128, 64)",128,0.0001
MLP,113,5,0.77435,0.01082,19,,,,,,0.0001,"(128,)",128,0.0001
MLP,113,6,0.77962,0.01113,7,,,,,,0.0001,"(256, 128)",128,0.001
MLP,113,7,0.7808,0.01378,5,,,,,,0.0005,"(256, 128)",128,0.01
MLP,113,8,0.77559,0.02892,17,,,,,,0.001,"(128,)",64,0.0001
MLP,113,9,0.785,0.01307,1,,,,,,0.0005,"(128, 64)",32,1e-05
MLP,113,10,0.7795,0.00503,8,,,,,,0.005,"(64,)",64,0.001
MLP,113,11,0.77876,0.01741,12,,,,,,0.0005,"(128,)",128,1e-05
MLP,113,12,0.7776,0.02731,14,,,,,,0.001,"(128,)",64,0.01
MLP,113,13,0.78319,0.01788,2,,,,,,0.001,"(256, 128)",128,0.0001
MLP,113,14,0.77469,0.0209,18,,,,,,0.0001,"(128, 64)",128,0.001
MLP,113,15,0.77802,0.01175,13,,,,,,0.0005,"(256, 128)",128,0.0001
MLP,113,16,0.77913,0.01916,10,,,,,,0.001,"(128, 64)",128,0.01
MLP,113,17,0.78119,0.01846,4,,,,,,0.0005,"(128,)",32,0.01
MLP,113,18,0.7767,0.0178,15,,,,,,0.005,"(256, 128)",32,1e-05
MLP,113,19,0.7794,0.01573,9,,,,,,0.0001,"(256, 128)",64,0.001
MLP,113,20,0.78156,0.01974,3,,,,,,0.0005,"(128,)",32,0.001
MLP,121,1,0.75625,0.0569,6,,,,,,0.0001,"(128,)",64,1e-05
MLP,121,2,0.73753,0.06114,18,,,,,,0.001,"(128,)",32,1e-05
MLP,121,3,0.75818,0.05584,4,,,,,,0.0005,"(256, 128)",64,0.0001
MLP,121,4,0.74476,0.05932,16,,,,,,0.0005,"(128, 64)",128,0.0001
MLP,121,5,0.75761,0.05413,5,,,,,,0.0001,"(128,)",128,0.0001
MLP,121,6,0.75253,0.06098,9,,,,,,0.0001,"(256, 128)",128,0.001
MLP,121,7,0.75007,0.06673,14,,,,,,0.0005,"(256, 128)",128,0.01
MLP,121,8,0.76712,0.05127,1,,,,,,0.001,"(128,)",64,0.0001
MLP,121,9,0.75587,0.06072,8,,,,,,0.0005,"(128, 64)",32,1e-05
MLP,121,10,0.73714,0.0737,19,,,,,,0.005,"(64,)",64,0.001
MLP,121,11,0.75187,0.05977,12,,,,,,0.0005,"(128,)",128,1e-05
MLP,121,12,0.75849,0.05754,2,,,,,,0.001,"(128,)",64,0.01
MLP,121,13,0.74221,0.06711,17,,,,,,0.001,"(256, 128)",128,0.0001
MLP,121,14,0.75157,0.06284,13,,,,,,0.0001,"(128, 64)",128,0.001
MLP,121,15,0.74681,0.06853,15,,,,,,0.0005,"(256, 128)",128,0.0001
MLP,121,16,0.73055,0.07218,20,,,,,,0.001,"(128, 64)",128,0.01
MLP,121,17,0.75207,0.05991,11,,,,,,0.0005,"(128,)",32,0.01
MLP,121,18,0.75215,0.05981,10,,,,,,0.005,"(256, 128)",32,1e-05
MLP,121,19,0.75593,0.06164,7,,,,,,0.0001,"(256, 128)",64,0.001
MLP,121,20,0.75827,0.05429,3,,,,,,0.0005,"(128,)",32,0.001
MLP,201,1,0.14165,0.24616,1,,,,,,0.0001,"(128,)",64,1e-05
MLP,201,2,0.08451,0.26235,19,,,,,,0.001,"(128,)",32,1e-05
MLP,201,3,0.11517,0.21596,9,,,,,,0.0005,"(256, 128)",64,0.0001
MLP,201,4,0.10107,0.23673,17,,,,,,0.0005,"(128, 64)",128,0.0001
MLP,201,5,0.13996,0.24941,2,,,,,,0.0001,"(128,)",128,0.0001
MLP,201,6,0.11276,0.22408,11,,,,,,0.0001,"(256, 128)",128,0.001
MLP,201,7,0.1046,0.24665,15,,,,,,0.0005,"(256, 128)",128,0.01
MLP,201,8,0.11638,0.28643,8,,,,,,0.001,"(128,)",64,0.0001
MLP,201,9,0.11686,0.21644,7,,,,,,0.0005,"(128, 64)",32,1e-05
MLP,201,10,-0.13371,0.52848,20,,,,,,0.005,"(64,)",64,0.001
MLP,201,11,0.11893,0.27726,4,,,,,,0.0005,"(128,)",128,1e-05
MLP,201,12,0.11759,0.28709,6,,,,,,0.001,"(128,)",64,0.01
MLP,201,13,0.11057,0.22672,13,,,,,,0.001,"(256, 128)",128,0.0001
MLP,201,14,0.12583,0.20613,3,,,,,,0.0001,"(128, 64)",128,0.001
MLP,201,15,0.10299,0.24373,16,,,,,,0.0005,"(256, 128)",128,0.0001
MLP,201,16,0.10647,0.23972,14,,,,,,0.001,"(128, 64)",128,0.01
MLP,201,17,0.11175,0.27358,12,,,,,,0.0005,"(128,)",32,0.01
MLP,201,18,0.09849,0.30561,18,,,,,,0.005,"(256, 128)",32,1e-05
MLP,201,19,0.11825,0.23979,5,,,,,,0.0001,"(256, 128)",64,0.001
MLP,201,20,0.11367,0.27678,10,,,,,,0.0005,"(128,)",32,0.001
MLP,202,1,0.12257,0.25127,12,,,,,,0.0001,"(128,)",64,1e-05
MLP,202,2,0.0976,0.14515,15,,,,,,0.001,"(128,)",32,1e-05
MLP,202,3,0.22149,0.12365,1,,,,,,0.0005,"(256, 128)",64,0.0001
MLP,202,4,0.09379,0.12594,16,,,,,,0.0005,"(128, 64)",128,0.0001
MLP,202,5,0.03145,0.37013,19,,,,,,0.0001,"(128,)",128,0.0001
MLP,202,6,0.07856,0.23143,18,,,,,,0.0001,"(256, 128)",128,0.001
MLP,202,7,0.12214,0.19421,13,,,,,,0.0005,"(256, 128)",128,0.01
MLP,202,8,0.15809,0.10961,7,,,,,,0.001,"(128,)",64,0.0001
MLP,202,9,0.18426,0.14335,3,,,,,,0.0005,"(128, 64)",32,1e-05
MLP,202,10,-0.08769,0.20323,20,,,,,,0.005,"(64,)",64,0.001
MLP,202,11,0.07929,0.26851,17,,,,,,0.0005,"(128,)",128,1e-05
MLP,202,12,0.15661,0.12384,8,,,,,,0.001,"(128,)",64,0.01
MLP,202,13,0.15642,0.15092,9,,,,,,0.001,"(256, 128)",128,0.0001
MLP,202,14,0.17236,0.19833,5,,,,,,0.0001,"(128, 64)",128,0.001
MLP,202,15,0.13927,0.19137,11,,,,,,0.0005,"(256, 128)",128,0.0001
MLP,202,16,0.19543,0.17558,2,,,,,,0.001,"(128, 64)",128,0.01
MLP,202,17,0.14839,0.18756,10,,,,,,0.0005,"(128,)",32,0.01
MLP,202,18,0.11741,0.17457,14,,,,,,0.005,"(256, 128)",32,1e-05
MLP,202,19,0.18232,0.10391,4,,,,,,0.0001,"(256, 128)",64,0.001
MLP,202,20,0.16501,0.18315,6,,,,,,0.0005,"(128,)",32,0.001
MLP,203,1,0.22774,0.14214,11,,,,,,0.0001,"(128,)",64,1e-05
MLP,203,2,0.2167,0.1393,17,,,,,,0.001,"(128,)",32,1e-05
MLP,203,3,0.25362,0.1192,5,,,,,,0.0005,"(256, 128)",64,0.0001
MLP,203,4,0.24234,0.15083,8,,,,,,0.0005,"(128, 64)",128,0.0001
MLP,203,5,0.2257,0.14209,13,,,,,,0.0001,"(128,)",128,0.0001
MLP,203,6,0.25091,0.12521,7,,,,,,0.0001,"(256, 128)",128,0.001
MLP,203,7,0.26343,0.11738,1,,,,,,0.0005,"(256, 128)",128,0.01
MLP,203,8,0.21368,0.13968,19,,,,,,0.001,"(128,)",64,0.0001
MLP,203,9,0.2543,0.14212,4,,,,,,0.0005,"(128, 64)",32,1e-05
MLP,203,10,0.22052,0.12447,16,,,,,,0.005,"(64,)",64,0.001
MLP,203,11,0.22243,0.14384,14,,,,,,0.0005,"(128,)",128,1e-05
MLP,203,12,0.21603,0.1376,18,,,,,,0.001,"(128,)",64,0.01
MLP,203,13,0.25541,0.11417,3,,,,,,0.001,"(256, 128)",128,0.0001
MLP,203,14,0.23927,0.1486,9,,,,,,0.0001,"(128, 64)",128,0.001
MLP,203,15,0.25131,0.12995,6,,,,,,0.0005,"(256, 128)",128,0.0001
MLP,203,16,0.22767,0.1597,12,,,,,,0.001,"(128, 64)",128,0.01
MLP,203,17,0.2221,0.13452,15,,,,,,0.0005,"(128,)",32,0.01
MLP,203,18,0.17691,0.15344,20,,,,,,0.005,"(256, 128)",32,1e-05
MLP,203,19,0.25745,0.11846,2,,,,,,0.0001,"(256, 128)",64,0.001
MLP,203,20,0.22774,0.14236,10,,,,,,0.0005,"(128,)",32,0.001
MLP,205,1,0.54261,0.03557,5,,,,,,0.0001,"(128,)",64,1e-05
MLP,205,2,0.50459,0.13708,17,,,,,,0.001,"(128,)",32,1e-05
MLP,205,3,0.55576,0.0279,1,,,,,,0.0005,"(256, 128)",64,0.0001
MLP,205,4,0.53212,0.05009,10,,,,,,0.0005,"(128, 64)",128,0.0001
MLP,205,5,0.5462,0.02719,2,,,,,,0.0001,"(128,)",128,0.0001
MLP,205,6,0.53047,0.02191,11,,,,,,0.0001,"(256, 128)",128,0.001
MLP,205,7,0.5155,0.0515,15,,,,,,0.0005,"(256, 128)",128,0.01
MLP,205,8,0.52897,0.1129,12,,,,,,0.001,"(128,)",64,0.0001
MLP,205,9,0.49697,0.02119,18,,,,,,0.0005,"(128, 64)",32,1e-05
MLP,205,10,0.35277,0.36634,20,,,,,,0.005,"(64,)",64,0.001
MLP,205,11,0.54326,0.08647,4,,,,,,0.0005,"(128,)",128,1e-05
MLP,205,12,0.52885,0.11468,13,,,,,,0.001,"(128,)",64,0.01
MLP,205,13,0.51283,0.01858,16,,,,,,0.001,"(256, 128)",128,0.0001
MLP,205,14,0.53595,0.07719,9,,,,,,0.0001,"(128, 64)",128,0.001
MLP,205,15,0.5242,0.0404,14,,,,,,0.0005,"(256, 128)",128,0.0001
MLP,205,16,0.49036,0.11527,19,,,,,,0.001,"(128, 64)",128,0.01
MLP,205,17,0.53891,0.08786,7,,,,,,0.0005,"(128,)",32,0.01
MLP,205,18,0.54502,0.13484,3,,,,,,0.005,"(256, 128)",32,1e-05
MLP,205,19,0.54018,0.03841,6,,,,,,0.0001,"(256, 128)",64,0.001
MLP,205,20,0.5362,0.0836,8,,,,,,0.0005,"(128,)",32,0.001
MLP,219,1,0.67302,0.01975,3,,,,,,0.0001,"(128,)",64,1e-05
MLP,219,2,0.6644,0.02004,10,,,,,,0.001,"(128,)",32,1e-05
MLP,219,3,0.65258,0.03491,17,,,,,,0.0005,"(256, 128)",64,0.0001
MLP,219,4,0.66646,0.03104,8,,,,,,0.0005,"(128, 64)",128,0.0001
MLP,219,5,0.67568,0.02255,1,,,,,,0.0001,"(128,)",128,0.0001
MLP,219,6,0.67346,0.03592,2,,,,,,0.0001,"(256, 128)",128,0.001
MLP,219,7,0.65837,0.03011,13,,,,,,0.0005,"(256, 128)",128,0.01
MLP,219,8,0.65585,0.01477,16,,,,,,0.001,"(128,)",64,0.0001
MLP,219,9,0.66734,0.03029,7,,,,,,0.0005,"(128, 64)",32,1e-05
MLP,219,10,0.63298,0.0786,19,,,,,,0.005,"(64,)",64,0.001
MLP,219,11,0.66828,0.01594,5,,,,,,0.0005,"(128,)",128,1e-05
MLP,219,12,0.65594,0.01759,15,,,,,,0.001,"(128,)",64,0.01
MLP,219,13,0.64818,0.02781,18,,,,,,0.001,"(256, 128)",128,0.0001
MLP,219,14,0.66419,0.04164,11,,,,,,0.0001,"(128, 64)",128,0.001
MLP,219,15,0.65801,0.03149,14,,,,,,0.0005,"(256, 128)",128,0.0001
MLP,219,16,0.66157,0.04282,12,,,,,,0.001,"(128, 64)",128,0.01
MLP,219,17,0.66781,0.02097,6,,,,,,0.0005,"(128,)",32,0.01
MLP,219,18,0.63066,0.03545,20,,,,,,0.005,"(256, 128)",32,1e-05
MLP,219,19,0.67121,0.03366,4,,,,,,0.0001,"(256, 128)",64,0.001
MLP,219,20,0.66611,0.01996,9,,,,,,0.0005,"(128,)",32,0.001
MLP,222,1,0.39303,0.0814,3,,,,,,0.0001,"(128,)",64,1e-05
MLP,222,2,0.31755,0.1632,19,,,,,,0.001,"(128,)",32,1e-05
MLP,222,3,0.38119,0.09129,6,,,,,,0.0005,"(256, 128)",64,0.0001
MLP,222,4,0.35257,0.11121,16,,,,,,0.0005,"(128, 64)",128,0.0001
MLP,222,5,0.39326,0.08168,2,,,,,,0.0001,"(128,)",128,0.0001
MLP,222,6,0.39204,0.07865,4,,,,,,0.0001,"(256, 128)",128,0.001
MLP,222,7,0.38135,0.09181,5,,,,,,0.0005,"(256, 128)",128,0.01
MLP,222,8,0.36424,0.10906,14,,,,,,0.001,"(128,)",64,0.0001
MLP,222,9,0.36256,0.10683,15,,,,,,0.0005,"(128, 64)",32,1e-05
MLP,222,10,-0.1449,0.75137,20,,,,,,0.005,"(64,)",64,0.001
MLP,222,11,0.37709,0.09939,9,,,,,,0.0005,"(128,)",128,1e-05
MLP,222,12,0.36506,0.10982,13,,,,,,0.001,"(128,)",64,0.01
MLP,222,13,0.3384,0.10062,18,,,,,,0.001,"(256, 128)",128,0.0001
MLP,222,14,0.37476,0.08191,10,,,,,,0.0001,"(128, 64)",128,0.001
MLP,222,15,0.38005,0.09078,7,,,,,,0.0005,"(256, 128)",128,0.0001
MLP,222,16,0.3518,0.10904,17,,,,,,0.001,"(128, 64)",128,0.01
MLP,222,17,0.37425,0.10712,11,,,,,,0.0005,"(128,)",32,0.01
MLP,222,18,0.37965,0.06103,8,,,,,,0.005,"(256, 128)",32,1e-05
MLP,222,19,0.3962,0.07678,1,,,,,,0.0001,"(256, 128)",64,0.001
MLP,222,20,0.37375,0.10636,12,,,,,,0.0005,"(128,)",32,0.001
MLP,230,1,0.66952,0.06191,2,,,,,,0.0001,"(128,)",64,1e-05
MLP,230,2,0.65795,0.05119,14,,,,,,0.001,"(128,)",32,1e-05
MLP,230,3,0.66138,0.06305,11,,,,,,0.0005,"(256, 128)",64,0.0001
MLP,230,4,0.63049,0.06497,17,,,,,,0.0005,"(128, 64)",128,0.0001
MLP,230,5,0.66644,0.06251,4,,,,,,0.0001,"(128,)",128,0.0001
MLP,230,6,0.6651,0.07057,6,,,,,,0.0001,"(256, 128)",128,0.001
MLP,230,7,0.66241,0.06164,9,,,,,,0.0005,"(256, 128)",128,0.01
MLP,230,8,0.67236,0.05487,1,,,,,,0.001,"(128,)",64,0.0001
MLP,230,9,0.63039,0.06093,18,,,,,,0.0005,"(128, 64)",32,1e-05
MLP,230,10,0.65283,0.06845,15,,,,,,0.005,"(64,)",64,0.001
MLP,230,11,0.66588,0.06169,5,,,,,,0.0005,"(128,)",128,1e-05
MLP,230,12,0.66656,0.05476,3,,,,,,0.001,"(128,)",64,0.01
MLP,230,13,0.66204,0.06655,10,,,,,,0.001,"(256, 128)",128,0.0001
MLP,230,14,0.5922,0.04856,19,,,,,,0.0001,"(128, 64)",128,0.001
MLP,230,15,0.65929,0.06583,12,,,,,,0.0005,"(256, 128)",128,0.0001
MLP,230,16,0.63152,0.08556,16,,,,,,0.001,"(128, 64)",128,0.01
MLP,230,17,0.66277,0.06401,8,,,,,,0.0005,"(128,)",32,0.01
MLP,230,18,0.57501,0.05113,20,,,,,,0.005,"(256, 128)",32,1e-05
MLP,230,19,0.66463,0.06649,7,,,,,,0.0001,"(256, 128)",64,0.001
MLP,230,20,0.65899,0.05993,13,,,,,,0.0005,"(128,)",32,0.001
