modelo,paciente,r2_test_base,r2_test_opt,delta_r2
RF,104,0.7528,0.763,0.0102
RF,113,0.7887,0.7914,0.0027
RF,121,0.6593,0.6721,0.0128
RF,201,0.3191,0.3565,0.0374
RF,202,0.4838,0.4976,0.0138
RF,203,0.3604,0.3671,0.0067
RF,205,0.3905,0.3998,0.0093
RF,219,0.7004,0.709,0.0086
RF,222,0.4729,0.4802,0.0073
RF,230,0.619,0.6206,0.0016
DT,104,0.6399,0.6756,0.0357
DT,113,0.6921,0.7327,0.0406
DT,121,0.68,0.6566,-0.0234
DT,201,-0.0562,0.0752,0.1314
DT,202,0.3338,0.2798,-0.054
DT,203,0.1057,0.2613,0.1556
DT,205,0.1563,0.2541,0.0978
DT,219,0.5204,0.6212,0.1008
DT,222,0.2338,0.3763,0.1425
DT,230,0.4859,0.5618,0.0759
MLP,104,0.7983,0.8321,0.0338
MLP,113,0.7973,0.7925,-0.0048
MLP,121,0.7367,0.7868,0.0501
MLP,201,0.2768,0.1182,-0.1586
MLP,202,0.433,0.462,0.029
MLP,203,0.2981,0.2892,-0.0089
MLP,205,0.2913,0.3166,0.0253
MLP,219,0.7089,0.7032,-0.0057
MLP,222,0.4251,0.4719,0.0468
MLP,230,0.5585,0.5132,-0.0453
