arquitectura,combinacion,es_base,r2_val_medio,r2_val_std,minutos,hp_kernel,hp_dilataciones,hp_gru1,hp_gru2,hp_dropout,hp_dense,hp_lr,hp_batch
CNN_GRU_ATTN,1,True,0.64302,0.37064,4.1,5,"(2, 4)",128,64,0.3,128,0.001,32
CNN_GRU_ATTN,2,False,0.63341,0.37309,4.3,7,"(1, 2)",64,128,0.3,64,0.001,32
CNN_GRU_ATTN,3,False,0.63448,0.378,30.2,7,"(1, 2)",256,128,0.0,256,0.0001,32
CNN_GRU_ATTN,4,False,0.6322,0.37633,9.0,3,"(1, 2)",64,32,0.0,256,0.001,128
CNN_GRU_ATTN,5,False,0.64174,0.36579,32.6,7,"(2, 4, 8)",256,64,0.2,128,0.0005,32
CNN_GRU_ATTN,6,False,0.64709,0.36335,18.0,3,"(2, 4, 8)",128,64,0.3,64,0.001,64
CNN_GRU_ATTN,7,False,0.64627,0.36371,31.2,3,"(1, 2)",128,32,0.3,128,0.0005,32
CNN_GRU_ATTN,8,False,0.63378,0.36154,10.0,7,"(2, 4)",256,32,0.4,64,0.0005,128
CNN_GRU_ATTN,9,False,0.62884,0.38007,17.5,7,"(2, 4)",256,32,0.0,64,0.001,64
CNN_GRU_ATTN,10,False,0.64604,0.36431,31.4,3,"(1, 2)",64,64,0.3,128,0.0005,32
CNN_GRU_ATTN,11,False,0.63861,0.36043,10.2,5,"(2, 4)",64,128,0.3,256,0.01,128
CNN_GRU_ATTN,12,False,0.63994,0.37335,17.3,7,"(1, 2)",256,128,0.2,64,0.0001,64
CNN_GRU_ATTN,13,False,0.63153,0.36836,33.4,5,"(2, 4, 8)",256,128,0.2,256,0.0005,32
CNN_GRU_ATTN,14,False,0.64826,0.36162,9.9,3,"(1, 2)",128,64,0.3,64,0.001,128
CNN_GRU_ATTN,15,False,0.64681,0.36983,32.2,7,"(2, 4)",64,128,0.4,128,0.0001,32
CNN_GRU_ATTN,16,False,0.64033,0.37868,10.6,5,"(1, 2)",64,128,0.3,256,0.0001,128
CNN_GRU_ATTN,17,False,0.57594,0.43307,29.5,5,"(2, 4)",64,32,0.4,64,0.01,32
CNN_GRU_ATTN,18,False,0.61831,0.38108,16.4,3,"(2, 4, 8)",64,128,0.4,256,0.01,64
CNN_GRU_ATTN,19,False,0.62248,0.38071,9.1,5,"(2, 4, 8)",128,128,0.3,256,0.01,128
CNN_GRU_ATTN,20,False,0.64147,0.36685,29.7,7,"(1, 2)",256,128,0.3,256,0.0005,32
