hiperparametro,valor,r2_medio,n,rango
lr,0.0001,0.64039,4,0.0266
lr,0.0005,0.6401383333333334,6,0.0266
lr,0.001,0.6388033333333333,6,0.0266
lr,0.01,0.613835,4,0.0266
dropout,0.0,0.63184,3,0.022
dropout,0.2,0.6377366666666666,3,0.022
dropout,0.3,0.640698,10,0.022
dropout,0.4,0.61871,4,0.022
gru2,32,0.6234059999999999,5,0.0218
gru2,64,0.64523,5,0.0218
gru2,128,0.634737,10,0.0218
dense,64,0.6296085714285714,7,0.0152
dense,128,0.644776,5,0.0152
dense,256,0.63242625,8,0.0152
kernel,3,0.639695,6,0.0144
kernel,5,0.6253183333333333,6,0.0144
kernel,7,0.63755875,8,0.0144
gru1,64,0.62895625,8,0.0125
gru1,128,0.641424,5,0.0125
gru1,256,0.6359685714285714,7,0.0125
dilataciones,"(1, 2)",0.6402666666666667,9,0.0124
dilataciones,"(2, 4)",0.6278333333333334,6,0.0124
dilataciones,"(2, 4, 8)",0.6322300000000001,5,0.0124
batch,32,0.6340709999999999,10,0.0024
batch,64,0.633545,4,0.0024
batch,128,0.6359433333333333,6,0.0024
