arquitectura,combinacion,es_base,r2_val_medio,r2_val_std,minutos,hp_gru1,hp_gru2,hp_dropout,hp_dense,hp_lr,hp_batch
GRU,1,True,0.68918,0.22774,2.9,128,64,0.3,128,0.001,32
GRU,2,False,0.70213,0.23004,2.8,256,32,0.0,256,0.0005,32
GRU,3,False,0.64222,0.2292,5.5,64,32,0.0,256,0.01,128
GRU,4,False,0.63275,0.25856,18.6,128,32,0.0,64,0.001,32
GRU,5,False,0.65475,0.27865,5.7,256,128,0.0,256,0.001,128
GRU,6,False,0.6972,0.23279,6.1,256,128,0.4,64,0.0001,128
GRU,7,False,0.68182,0.23231,10.6,128,32,0.2,256,0.0001,64
GRU,8,False,0.58946,0.23286,20.5,128,32,0.2,128,0.01,32
GRU,9,False,0.66311,0.23228,20.6,128,32,0.3,128,0.0005,32
GRU,10,False,0.62329,0.23869,6.1,256,64,0.0,128,0.01,128
GRU,11,False,0.67721,0.24652,6.3,128,128,0.3,256,0.001,128
GRU,12,False,0.61281,0.22051,19.8,64,32,0.2,128,0.01,32
GRU,13,False,0.67573,0.23008,20.4,64,64,0.3,128,0.0005,32
GRU,14,False,0.68951,0.23216,6.2,128,64,0.2,256,0.0005,128
GRU,15,False,0.693,0.233,10.9,256,32,0.2,128,0.0001,64
GRU,16,False,0.67121,0.24922,20.9,256,128,0.2,256,0.0005,32
GRU,17,False,0.66604,0.23494,20.4,64,32,0.3,128,0.0005,32
GRU,18,False,0.70229,0.23446,11.0,64,128,0.3,64,0.0001,64
GRU,19,False,0.66599,0.24674,20.6,256,64,0.2,128,0.001,32
GRU,20,False,0.70793,0.23064,6.5,256,128,0.3,256,0.0001,128
