modelo,paciente,r2_val_cv,r2_test_opt,rmse_opt,mae_opt,lat_opt,r2_test_base,rmse_base,mae_base,lat_base,delta_r2,mejor_config,segundos
RF,104,0.71134,0.763,0.440436,0.286613,0.0632,0.7528,0.449847,0.293597,0.0351,0.0102,"{""n_estimators"": 120, ""min_samples_leaf"": 2, ""max_features"": ""sqrt"", ""max_depth"": 20}",54.8
RF,113,0.78784,0.7914,0.418776,0.224228,0.0497,0.7887,0.421466,0.226996,0.0433,0.0027,"{""n_estimators"": 150, ""min_samples_leaf"": 4, ""max_features"": ""sqrt"", ""max_depth"": null}",44.2
RF,121,0.77681,0.6721,1.506813,0.815908,0.0412,0.6593,1.536071,0.830813,0.0431,0.0128,"{""n_estimators"": 120, ""min_samples_leaf"": 2, ""max_features"": ""sqrt"", ""max_depth"": 20}",47.1
RF,201,0.21501,0.3565,0.524405,0.376264,0.0418,0.3191,0.539408,0.38701,0.0452,0.0374,"{""n_estimators"": 80, ""min_samples_leaf"": 1, ""max_features"": ""sqrt"", ""max_depth"": 15}",50.8
RF,202,0.27463,0.4976,0.508865,0.355769,0.0527,0.4838,0.515799,0.362802,0.0423,0.0138,"{""n_estimators"": 120, ""min_samples_leaf"": 2, ""max_features"": ""sqrt"", ""max_depth"": 20}",63.5
RF,203,0.26665,0.3671,0.836464,0.539335,0.1152,0.3604,0.840876,0.545521,0.0282,0.0067,"{""n_estimators"": 150, ""min_samples_leaf"": 4, ""max_features"": ""sqrt"", ""max_depth"": null}",93.0
RF,205,0.57069,0.3998,1.09053,0.387371,0.0264,0.3905,1.098978,0.391299,0.0359,0.0093,"{""n_estimators"": 30, ""min_samples_leaf"": 4, ""max_features"": ""sqrt"", ""max_depth"": null}",60.3
RF,219,0.63838,0.709,0.4608,0.287866,0.0542,0.7004,0.46754,0.29706,0.0386,0.0086,"{""n_estimators"": 120, ""min_samples_leaf"": 2, ""max_features"": ""sqrt"", ""max_depth"": 20}",58.6
RF,222,0.39797,0.4802,0.697958,0.536042,0.0666,0.4729,0.702814,0.538364,0.0347,0.0073,"{""n_estimators"": 150, ""min_samples_leaf"": 4, ""max_features"": ""sqrt"", ""max_depth"": null}",64.6
RF,230,0.66526,0.6206,0.73714,0.506257,0.0616,0.619,0.738714,0.503819,0.0396,0.0016,"{""n_estimators"": 150, ""min_samples_leaf"": 4, ""max_features"": ""sqrt"", ""max_depth"": null}",61.5
DT,104,0.62629,0.6756,0.515303,0.347659,0.0022,0.6399,0.542894,0.347594,0.0034,0.0357,"{""min_samples_split"": 2, ""min_samples_leaf"": 16, ""max_depth"": 6}",34.2
DT,113,0.73598,0.7327,0.474017,0.270093,0.0018,0.6921,0.508738,0.269315,0.0021,0.0406,"{""min_samples_split"": 20, ""min_samples_leaf"": 4, ""max_depth"": 4}",26.7
DT,121,0.75678,0.6566,1.542016,0.847563,0.0019,0.68,1.48868,0.849436,0.0019,-0.0234,"{""min_samples_split"": 10, ""min_samples_leaf"": 16, ""max_depth"": 4}",29.0
DT,201,0.10797,0.0752,0.628664,0.438832,0.0022,-0.0562,0.67184,0.451504,0.0016,0.1314,"{""min_samples_split"": 2, ""min_samples_leaf"": 16, ""max_depth"": 6}",31.5
DT,202,0.18216,0.2798,0.609297,0.457233,0.0021,0.3338,0.586004,0.418584,0.0018,-0.054,"{""min_samples_split"": 10, ""min_samples_leaf"": 4, ""max_depth"": 4}",35.6
DT,203,0.16153,0.2613,0.903688,0.59639,0.0017,0.1057,0.994332,0.617751,0.0017,0.1556,"{""min_samples_split"": 10, ""min_samples_leaf"": 16, ""max_depth"": 4}",50.3
DT,205,0.42923,0.2541,1.215727,0.484671,0.0017,0.1563,1.293008,0.447596,0.0034,0.0978,"{""min_samples_split"": 10, ""min_samples_leaf"": 4, ""max_depth"": 4}",48.6
DT,219,0.59335,0.6212,0.525739,0.351101,0.003,0.5204,0.591616,0.369328,0.0017,0.1008,"{""min_samples_split"": 2, ""min_samples_leaf"": 16, ""max_depth"": 6}",37.0
DT,222,0.33066,0.3763,0.764496,0.591248,0.0016,0.2338,0.847339,0.643078,0.0025,0.1425,"{""min_samples_split"": 2, ""min_samples_leaf"": 16, ""max_depth"": 6}",35.9
DT,230,0.57894,0.5618,0.792236,0.555523,0.0031,0.4859,0.858038,0.573832,0.0021,0.0759,"{""min_samples_split"": 2, ""min_samples_leaf"": 16, ""max_depth"": 6}",39.6
MLP,104,0.71761,0.8321,0.370702,0.250769,0.0045,0.7983,0.406348,0.272754,0.0031,0.0338,"{""learning_rate_init"": 0.0005, ""hidden_layer_sizes"": [256, 128], ""batch_size"": 64, ""alpha"": 0.0001}",102.0
MLP,113,0.785,0.7925,0.417682,0.226587,0.0044,0.7973,0.412818,0.225938,0.0043,-0.0048,"{""learning_rate_init"": 0.0005, ""hidden_layer_sizes"": [128, 64], ""batch_size"": 32, ""alpha"": 1e-05}",85.5
MLP,121,0.76712,0.7868,1.215087,0.739664,0.0038,0.7367,1.350249,0.756269,0.0045,0.0501,"{""learning_rate_init"": 0.001, ""hidden_layer_sizes"": [128], ""batch_size"": 64, ""alpha"": 0.0001}",71.7
MLP,201,0.14165,0.1182,0.613864,0.451902,0.0033,0.2768,0.555919,0.404823,0.0028,-0.1586,"{""learning_rate_init"": 0.0001, ""hidden_layer_sizes"": [128], ""batch_size"": 64, ""alpha"": 1e-05}",77.9
MLP,202,0.22149,0.462,0.526593,0.369377,0.006,0.433,0.540596,0.382401,0.0026,0.029,"{""learning_rate_init"": 0.0005, ""hidden_layer_sizes"": [256, 128], ""batch_size"": 64, ""alpha"": 0.0001}",99.5
MLP,203,0.26343,0.2892,0.886451,0.586414,0.0049,0.2981,0.880912,0.580553,0.0029,-0.0089,"{""learning_rate_init"": 0.0005, ""hidden_layer_sizes"": [256, 128], ""batch_size"": 128, ""alpha"": 0.01}",87.3
MLP,205,0.55576,0.3166,1.163736,0.403191,0.0049,0.2913,1.185069,0.43819,0.0037,0.0253,"{""learning_rate_init"": 0.0005, ""hidden_layer_sizes"": [256, 128], ""batch_size"": 64, ""alpha"": 0.0001}",98.6
MLP,219,0.67568,0.7032,0.465394,0.299735,0.0033,0.7089,0.460924,0.297241,0.0033,-0.0057,"{""learning_rate_init"": 0.0001, ""hidden_layer_sizes"": [128], ""batch_size"": 128, ""alpha"": 0.0001}",84.9
MLP,222,0.3962,0.4719,0.703467,0.54157,0.0055,0.4251,0.733981,0.558082,0.0034,0.0468,"{""learning_rate_init"": 0.0001, ""hidden_layer_sizes"": [256, 128], ""batch_size"": 64, ""alpha"": 0.001}",79.7
MLP,230,0.67236,0.5132,0.834969,0.548074,0.0036,0.5585,0.795129,0.523886,0.0037,-0.0453,"{""learning_rate_init"": 0.001, ""hidden_layer_sizes"": [128], ""batch_size"": 64, ""alpha"": 0.0001}",74.9
