base,paciente,n_latidos,N,SVEB,VEB,F,Q,n_ectopicos,pct_ectopicos,R2_total
MIT-BIH,100,2273,2239,33,1,0,0,34,1.496,0.9526
MIT-BIH,101,1865,1860,3,0,0,2,5,0.268,0.9651
MIT-BIH,102,2187,99,0,4,0,2084,2088,95.473,0.8143
MIT-BIH,103,2084,2082,2,0,0,0,2,0.096,0.9705
MIT-BIH,104,2229,163,0,2,0,2064,2066,92.687,0.512
MIT-BIH,105,2572,2526,0,41,0,5,46,1.788,0.8223
MIT-BIH,106,2027,1507,0,520,0,0,520,25.654,0.6888
MIT-BIH,107,2137,0,0,59,0,2078,2137,100.0,0.7885
MIT-BIH,108,1763,1740,4,17,2,0,23,1.305,0.4826
MIT-BIH,109,2532,2492,0,38,2,0,40,1.58,0.9331
MIT-BIH,111,2124,2123,0,1,0,0,1,0.047,0.8145
MIT-BIH,112,2539,2537,2,0,0,0,2,0.079,0.9209
MIT-BIH,113,1795,1789,6,0,0,0,6,0.334,0.8928
MIT-BIH,114,1879,1820,12,43,4,0,59,3.14,0.758
MIT-BIH,115,1953,1953,0,0,0,0,0,0.0,0.9757
MIT-BIH,116,2412,2302,1,109,0,0,110,4.561,0.8936
MIT-BIH,117,1535,1534,1,0,0,0,1,0.065,0.8411
MIT-BIH,118,2278,2166,96,16,0,0,112,4.917,0.9415
MIT-BIH,119,1987,1543,0,444,0,0,444,22.345,0.6699
MIT-BIH,121,1863,1861,1,1,0,0,2,0.107,0.9397
MIT-BIH,122,2476,2476,0,0,0,0,0,0.0,0.9878
MIT-BIH,123,1518,1515,0,3,0,0,3,0.198,0.9731
MIT-BIH,124,1619,1536,31,47,5,0,83,5.127,0.9252
MIT-BIH,200,2601,1743,30,826,2,0,858,32.987,0.3725
MIT-BIH,201,1963,1635,128,198,2,0,328,16.709,0.7438
MIT-BIH,202,2136,2061,55,19,1,0,75,3.511,0.897
MIT-BIH,203,2980,2529,2,444,1,4,451,15.134,0.2781
MIT-BIH,205,2656,2571,3,71,11,0,85,3.2,0.8968
MIT-BIH,207,1860,1543,107,210,0,0,317,17.043,0.8353
MIT-BIH,208,2955,1586,2,992,373,2,1369,46.328,0.4665
MIT-BIH,209,3005,2621,383,1,0,0,384,12.779,0.854
MIT-BIH,210,2650,2423,22,195,10,0,227,8.566,0.7218
MIT-BIH,212,2748,2748,0,0,0,0,0,0.0,0.9331
MIT-BIH,213,3251,2641,28,220,362,0,610,18.763,0.8083
MIT-BIH,214,2262,2003,0,256,1,2,259,11.45,0.7531
MIT-BIH,215,3363,3195,3,164,1,0,168,4.996,0.8141
MIT-BIH,217,2208,244,0,162,0,1802,1964,88.949,0.5478
MIT-BIH,219,2154,2082,7,64,1,0,72,3.343,0.9426
MIT-BIH,220,2048,1954,94,0,0,0,94,4.59,0.9558
MIT-BIH,221,2427,2031,0,396,0,0,396,16.316,0.8009
MIT-BIH,222,2483,2274,209,0,0,0,209,8.417,0.4691
MIT-BIH,223,2605,2045,73,473,14,0,560,21.497,0.8144
MIT-BIH,228,2053,1688,3,362,0,0,365,17.779,0.5476
MIT-BIH,230,2256,2255,0,1,0,0,1,0.044,0.8941
MIT-BIH,231,1571,1568,1,2,0,0,3,0.191,0.9437
MIT-BIH,232,1780,398,1382,0,0,0,1382,77.64,0.8981
MIT-BIH,233,3079,2230,7,831,11,0,849,27.574,0.2724
MIT-BIH,234,2753,2700,50,3,0,0,53,1.925,0.9756
INCART,I01,2757,2413,0,344,0,0,344,12.477,0.5151
INCART,I02,2674,2445,0,229,0,0,229,8.564,0.5597
INCART,I03,2452,2325,2,125,0,0,127,5.179,0.7953
INCART,I04,2424,2270,16,121,17,0,154,6.353,0.7548
INCART,I05,1776,1520,0,247,9,0,256,14.414,0.7984
INCART,I06,2493,2436,48,9,0,0,57,2.286,0.8783
INCART,I07,2706,2640,65,1,0,0,66,2.439,0.8616
INCART,I08,2131,1777,2,351,0,1,354,16.612,0.1333
INCART,I09,2997,2948,0,41,0,8,49,1.635,0.8698
INCART,I10,3682,3599,0,83,0,0,83,2.254,0.7267
INCART,I11,2106,2078,0,4,0,24,28,1.33,0.9474
INCART,I12,2809,2800,1,6,2,0,9,0.32,-0.1192
INCART,I13,2023,1793,0,230,0,0,230,11.369,0.7656
INCART,I14,1866,1802,0,64,0,0,64,3.43,0.7938
INCART,I15,2635,2632,0,3,0,0,3,0.114,0.7464
INCART,I16,1522,1520,0,2,0,0,2,0.131,0.8517
INCART,I17,1673,1646,0,27,0,0,27,1.614,0.7917
INCART,I18,3084,2662,0,366,56,0,422,13.684,0.0954
INCART,I19,2063,1212,0,850,0,1,851,41.251,0.394
INCART,I20,2652,2361,179,111,1,0,291,10.973,0.2914
INCART,I21,2184,2072,104,8,0,0,112,5.128,0.5788
INCART,I22,3126,2816,124,185,1,0,310,9.917,0.263
INCART,I23,2205,2192,0,13,0,0,13,0.59,0.7443
INCART,I24,2571,2565,0,6,0,0,6,0.233,0.7829
INCART,I25,1712,1705,2,5,0,0,7,0.409,0.6747
INCART,I26,1509,1498,7,4,0,0,11,0.729,0.6902
INCART,I27,2605,1885,0,720,0,0,720,27.639,0.2302
INCART,I28,1717,1713,0,4,0,0,4,0.233,0.8337
INCART,I29,2621,1837,0,783,0,1,784,29.912,-0.2477
INCART,I30,2462,1706,0,756,0,0,756,30.707,-0.0895
INCART,I31,3210,1844,0,1365,0,1,1366,42.555,-0.2821
INCART,I32,1619,1562,0,57,0,0,57,3.521,0.7566
INCART,I33,1837,1245,591,1,0,0,592,32.226,0.8176
INCART,I34,1965,1429,536,0,0,0,536,27.277,0.8223
INCART,I35,3676,3200,0,458,18,0,476,12.949,0.2995
INCART,I36,3911,3449,0,450,12,0,462,11.813,0.3302
INCART,I37,2461,2009,0,452,0,0,452,18.367,0.7906
INCART,I38,2699,2153,0,545,0,1,546,20.23,0.3541
INCART,I39,1775,1462,0,313,0,0,313,17.634,0.6256
INCART,I40,2666,2568,6,92,0,0,98,3.676,0.7421
INCART,I41,1630,1624,5,1,0,0,6,0.368,0.9398
INCART,I42,3109,1546,0,1554,9,0,1563,50.273,0.3484
INCART,I43,2209,1087,0,1120,2,0,1122,50.792,0.5073
INCART,I44,2495,1803,8,684,0,0,692,27.735,0.6796
INCART,I45,1928,1437,0,491,0,0,491,25.467,0.7719
INCART,I46,2658,2232,1,422,3,0,426,16.027,0.3073
INCART,I47,1953,1859,1,93,0,0,94,4.813,0.6683
INCART,I48,2357,2119,2,235,1,0,238,10.098,0.4863
INCART,I49,2147,2120,0,27,0,0,27,1.258,0.8895
INCART,I50,2998,2994,0,4,0,0,4,0.133,0.7305
INCART,I51,2777,1970,3,803,1,0,807,29.06,0.4622
INCART,I52,1747,1610,0,137,0,0,137,7.842,0.929
INCART,I53,2262,1151,0,1111,0,0,1111,49.116,0.3886
INCART,I54,2363,2340,1,22,0,0,23,0.973,0.6662
INCART,I55,2166,2148,1,17,0,0,18,0.831,0.8802
INCART,I56,1705,1672,26,7,0,0,33,1.935,0.961
INCART,I57,2871,2842,3,21,3,2,29,1.01,0.6839
INCART,I58,2325,2313,0,12,0,0,12,0.516,0.84
INCART,I59,2148,2067,0,81,0,0,81,3.771,0.615
INCART,I60,2475,2475,0,0,0,0,0,0.0,0.6972
INCART,I61,1454,1453,1,0,0,0,1,0.069,0.9725
INCART,I62,2269,1453,9,795,12,0,816,35.963,0.8158
INCART,I63,1994,1847,1,138,8,0,147,7.372,0.7593
INCART,I64,1913,1887,0,23,3,0,26,1.359,0.896
INCART,I65,2664,2273,5,382,4,0,391,14.677,0.4647
INCART,I66,2340,2139,1,200,0,0,201,8.59,0.6001
INCART,I67,2975,2438,5,531,1,0,537,18.05,0.2178
INCART,I68,2644,2481,2,161,0,0,163,6.165,0.6195
INCART,I69,2169,2000,1,167,1,0,169,7.792,0.7584
INCART,I70,1666,1540,126,0,0,0,126,7.563,0.9209
INCART,I71,1670,1635,35,0,0,0,35,2.096,0.9521
INCART,I72,2270,1876,8,386,0,0,394,17.357,0.3951
INCART,I73,1992,1890,32,70,0,0,102,5.12,0.8224
INCART,I74,2405,2083,0,274,48,0,322,13.389,0.3003
INCART,I75,2103,1483,0,613,7,0,620,29.482,-0.1885
