base,paciente,n_latidos,N,SVEB,VEB,F,Q,n_ectopicos,pct_ectopicos
MIT-BIH,100,2273,2239,33,1,0,0,34,1.496
MIT-BIH,101,1865,1860,3,0,0,2,5,0.268
MIT-BIH,102,2187,99,0,4,0,2084,2088,95.473
MIT-BIH,103,2084,2082,2,0,0,0,2,0.096
MIT-BIH,104,2229,163,0,2,0,2064,2066,92.687
MIT-BIH,105,2572,2526,0,41,0,5,46,1.788
MIT-BIH,106,2027,1507,0,520,0,0,520,25.654
MIT-BIH,107,2137,0,0,59,0,2078,2137,100.0
MIT-BIH,108,1763,1740,4,17,2,0,23,1.305
MIT-BIH,109,2532,2492,0,38,2,0,40,1.58
MIT-BIH,111,2124,2123,0,1,0,0,1,0.047
MIT-BIH,112,2539,2537,2,0,0,0,2,0.079
MIT-BIH,113,1795,1789,6,0,0,0,6,0.334
MIT-BIH,114,1879,1820,12,43,4,0,59,3.14
MIT-BIH,115,1953,1953,0,0,0,0,0,0.0
MIT-BIH,116,2412,2302,1,109,0,0,110,4.561
MIT-BIH,117,1535,1534,1,0,0,0,1,0.065
MIT-BIH,118,2278,2166,96,16,0,0,112,4.917
MIT-BIH,119,1987,1543,0,444,0,0,444,22.345
MIT-BIH,121,1863,1861,1,1,0,0,2,0.107
MIT-BIH,122,2476,2476,0,0,0,0,0,0.0
MIT-BIH,123,1518,1515,0,3,0,0,3,0.198
MIT-BIH,124,1619,1536,31,47,5,0,83,5.127
MIT-BIH,200,2601,1743,30,826,2,0,858,32.987
MIT-BIH,201,1963,1635,128,198,2,0,328,16.709
MIT-BIH,202,2136,2061,55,19,1,0,75,3.511
MIT-BIH,203,2980,2529,2,444,1,4,451,15.134
MIT-BIH,205,2656,2571,3,71,11,0,85,3.2
MIT-BIH,207,1860,1543,107,210,0,0,317,17.043
MIT-BIH,208,2955,1586,2,992,373,2,1369,46.328
MIT-BIH,209,3005,2621,383,1,0,0,384,12.779
MIT-BIH,210,2650,2423,22,195,10,0,227,8.566
MIT-BIH,212,2748,2748,0,0,0,0,0,0.0
MIT-BIH,213,3251,2641,28,220,362,0,610,18.763
MIT-BIH,214,2262,2003,0,256,1,2,259,11.45
MIT-BIH,215,3363,3195,3,164,1,0,168,4.996
MIT-BIH,217,2208,244,0,162,0,1802,1964,88.949
MIT-BIH,219,2154,2082,7,64,1,0,72,3.343
MIT-BIH,220,2048,1954,94,0,0,0,94,4.59
MIT-BIH,221,2427,2031,0,396,0,0,396,16.316
MIT-BIH,222,2483,2274,209,0,0,0,209,8.417
MIT-BIH,223,2605,2045,73,473,14,0,560,21.497
MIT-BIH,228,2053,1688,3,362,0,0,365,17.779
MIT-BIH,230,2256,2255,0,1,0,0,1,0.044
MIT-BIH,231,1571,1568,1,2,0,0,3,0.191
MIT-BIH,232,1780,398,1382,0,0,0,1382,77.64
MIT-BIH,233,3079,2230,7,831,11,0,849,27.574
MIT-BIH,234,2753,2700,50,3,0,0,53,1.925
INCART,I01,2757,2413,0,344,0,0,344,12.477
INCART,I02,2674,2445,0,229,0,0,229,8.564
INCART,I03,2452,2325,2,125,0,0,127,5.179
INCART,I04,2424,2270,16,121,17,0,154,6.353
INCART,I05,1776,1520,0,247,9,0,256,14.414
INCART,I06,2493,2436,48,9,0,0,57,2.286
INCART,I07,2706,2640,65,1,0,0,66,2.439
INCART,I08,2131,1777,2,351,0,1,354,16.612
INCART,I09,2997,2948,0,41,0,8,49,1.635
INCART,I10,3682,3599,0,83,0,0,83,2.254
INCART,I11,2106,2078,0,4,0,24,28,1.33
INCART,I12,2809,2800,1,6,2,0,9,0.32
INCART,I13,2023,1793,0,230,0,0,230,11.369
INCART,I14,1866,1802,0,64,0,0,64,3.43
INCART,I15,2635,2632,0,3,0,0,3,0.114
INCART,I16,1522,1520,0,2,0,0,2,0.131
INCART,I17,1673,1646,0,27,0,0,27,1.614
INCART,I18,3084,2662,0,366,56,0,422,13.684
INCART,I19,2063,1212,0,850,0,1,851,41.251
INCART,I20,2652,2361,179,111,1,0,291,10.973
INCART,I21,2184,2072,104,8,0,0,112,5.128
INCART,I22,3126,2816,124,185,1,0,310,9.917
INCART,I23,2205,2192,0,13,0,0,13,0.59
INCART,I24,2571,2565,0,6,0,0,6,0.233
INCART,I25,1712,1705,2,5,0,0,7,0.409
INCART,I26,1509,1498,7,4,0,0,11,0.729
INCART,I27,2605,1885,0,720,0,0,720,27.639
INCART,I28,1717,1713,0,4,0,0,4,0.233
INCART,I29,2621,1837,0,783,0,1,784,29.912
INCART,I30,2462,1706,0,756,0,0,756,30.707
INCART,I31,3210,1844,0,1365,0,1,1366,42.555
INCART,I32,1619,1562,0,57,0,0,57,3.521
INCART,I33,1837,1245,591,1,0,0,592,32.226
INCART,I34,1965,1429,536,0,0,0,536,27.277
INCART,I35,3676,3200,0,458,18,0,476,12.949
INCART,I36,3911,3449,0,450,12,0,462,11.813
INCART,I37,2461,2009,0,452,0,0,452,18.367
INCART,I38,2699,2153,0,545,0,1,546,20.23
INCART,I39,1775,1462,0,313,0,0,313,17.634
INCART,I40,2666,2568,6,92,0,0,98,3.676
INCART,I41,1630,1624,5,1,0,0,6,0.368
INCART,I42,3109,1546,0,1554,9,0,1563,50.273
INCART,I43,2209,1087,0,1120,2,0,1122,50.792
INCART,I44,2495,1803,8,684,0,0,692,27.735
INCART,I45,1928,1437,0,491,0,0,491,25.467
INCART,I46,2658,2232,1,422,3,0,426,16.027
INCART,I47,1953,1859,1,93,0,0,94,4.813
INCART,I48,2357,2119,2,235,1,0,238,10.098
INCART,I49,2147,2120,0,27,0,0,27,1.258
INCART,I50,2998,2994,0,4,0,0,4,0.133
INCART,I51,2777,1970,3,803,1,0,807,29.06
INCART,I52,1747,1610,0,137,0,0,137,7.842
INCART,I53,2262,1151,0,1111,0,0,1111,49.116
INCART,I54,2363,2340,1,22,0,0,23,0.973
INCART,I55,2166,2148,1,17,0,0,18,0.831
INCART,I56,1705,1672,26,7,0,0,33,1.935
INCART,I57,2871,2842,3,21,3,2,29,1.01
INCART,I58,2325,2313,0,12,0,0,12,0.516
INCART,I59,2148,2067,0,81,0,0,81,3.771
INCART,I60,2475,2475,0,0,0,0,0,0.0
INCART,I61,1454,1453,1,0,0,0,1,0.069
INCART,I62,2269,1453,9,795,12,0,816,35.963
INCART,I63,1994,1847,1,138,8,0,147,7.372
INCART,I64,1913,1887,0,23,3,0,26,1.359
INCART,I65,2664,2273,5,382,4,0,391,14.677
INCART,I66,2340,2139,1,200,0,0,201,8.59
INCART,I67,2975,2438,5,531,1,0,537,18.05
INCART,I68,2644,2481,2,161,0,0,163,6.165
INCART,I69,2169,2000,1,167,1,0,169,7.792
INCART,I70,1666,1540,126,0,0,0,126,7.563
INCART,I71,1670,1635,35,0,0,0,35,2.096
INCART,I72,2270,1876,8,386,0,0,394,17.357
INCART,I73,1992,1890,32,70,0,0,102,5.12
INCART,I74,2405,2083,0,274,48,0,322,13.389
INCART,I75,2103,1483,0,613,7,0,620,29.482
