base,paciente,fs,n_rr,rr_media_s,rr_std_s,rr_min_s,rr_max_s,fc_media_lpm
MIT-BIH,100,360,2272,0.7946,0.0488,0.5222,1.1306,75.51
MIT-BIH,101,360,1864,0.9682,0.071,0.5389,1.8889,61.97
MIT-BIH,102,360,2186,0.8256,0.0323,0.4861,0.975,72.67
MIT-BIH,103,360,2083,0.8663,0.0464,0.6472,1.1167,69.26
MIT-BIH,104,360,2228,0.8101,0.0373,0.525,0.9389,74.06
MIT-BIH,105,360,2571,0.7018,0.0647,0.3833,1.4306,85.5
MIT-BIH,106,360,2026,0.8904,0.261,0.4194,1.5028,67.38
MIT-BIH,107,360,2136,0.8448,0.0398,0.4917,0.9444,71.02
MIT-BIH,108,360,1762,1.0242,0.1242,0.4278,1.7111,58.58
MIT-BIH,109,360,2531,0.7132,0.0379,0.5139,0.9194,84.13
MIT-BIH,111,360,2123,0.8499,0.0384,0.6111,1.025,70.6
MIT-BIH,112,360,2538,0.7111,0.0217,0.5306,0.9639,84.37
MIT-BIH,113,360,1794,1.0062,0.0991,0.4722,1.3861,59.63
MIT-BIH,114,360,1878,0.9606,0.1341,0.425,1.675,62.46
MIT-BIH,115,360,1952,0.9247,0.0872,0.7,1.3083,64.89
MIT-BIH,116,360,2411,0.7485,0.0777,0.3722,1.0833,80.16
MIT-BIH,117,360,1534,1.1765,0.0432,0.5861,1.2889,51.0
MIT-BIH,118,360,2277,0.7926,0.0917,0.475,1.5694,75.7
MIT-BIH,119,360,1986,0.9084,0.2581,0.4972,1.4722,66.05
MIT-BIH,121,360,1862,0.9693,0.0839,0.5722,1.4583,61.9
MIT-BIH,122,360,2475,0.7293,0.0401,0.6028,0.9139,82.27
MIT-BIH,123,360,1517,1.1895,0.1211,0.5222,1.5222,50.44
MIT-BIH,124,360,1618,1.1153,0.0906,0.5833,1.5806,53.8
MIT-BIH,200,360,2600,0.6941,0.1521,0.325,1.3222,86.44
MIT-BIH,201,360,1960,0.9169,0.3471,0.3361,2.1111,65.44
MIT-BIH,202,360,2135,0.8451,0.2836,0.3222,1.6389,71.0
MIT-BIH,203,360,2979,0.6058,0.2002,0.25,1.85,99.04
MIT-BIH,205,360,2655,0.6797,0.0659,0.2639,1.1222,88.28
MIT-BIH,207,360,1853,0.8919,0.1865,0.3611,2.5083,67.27
MIT-BIH,208,360,2953,0.6103,0.1271,0.3889,1.0889,98.32
MIT-BIH,209,360,3004,0.6007,0.0824,0.3361,0.8611,99.88
MIT-BIH,210,360,2649,0.6815,0.1202,0.2917,1.4861,88.04
MIT-BIH,212,360,2747,0.657,0.0413,0.5444,0.9833,91.32
MIT-BIH,213,360,3250,0.5555,0.0309,0.3556,0.8972,108.02
MIT-BIH,214,360,2261,0.7984,0.1783,0.3389,1.5444,75.15
MIT-BIH,215,360,3362,0.5368,0.0533,0.2833,1.0889,111.76
MIT-BIH,217,360,2207,0.8175,0.0816,0.4167,1.0056,73.39
MIT-BIH,219,360,2152,0.8369,0.223,0.4056,2.5806,71.7
MIT-BIH,220,360,2047,0.8819,0.0925,0.3833,1.125,68.04
MIT-BIH,221,360,2426,0.7438,0.2002,0.3722,1.7556,80.67
MIT-BIH,222,360,2482,0.7272,0.2142,0.3222,1.3694,82.51
MIT-BIH,223,360,2604,0.693,0.1034,0.425,1.1806,86.58
MIT-BIH,228,360,2052,0.8794,0.1879,0.4361,1.6778,68.23
MIT-BIH,230,360,2255,0.8004,0.086,0.5778,1.0389,74.97
MIT-BIH,231,360,1570,1.1495,0.3204,0.425,1.8028,52.2
MIT-BIH,232,360,1747,0.962,0.4989,0.4583,2.9806,62.37
MIT-BIH,233,360,3078,0.5865,0.1266,0.2889,0.9833,102.3
MIT-BIH,234,360,2752,0.6557,0.0306,0.3944,0.9944,91.5
INCART,I01,257,2756,0.6527,0.1346,0.3541,1.0739,91.93
INCART,I02,257,2673,0.6732,0.1335,0.3502,1.035,89.13
INCART,I03,257,2451,0.7342,0.0979,0.3813,1.1751,81.73
INCART,I04,257,2423,0.7427,0.2451,0.3658,1.9689,80.79
INCART,I05,257,1775,1.0134,0.184,0.3696,1.6693,59.21
INCART,I06,257,2492,0.7219,0.0492,0.4241,1.0,83.11
INCART,I07,257,2705,0.6653,0.0549,0.3424,0.8949,90.19
INCART,I08,257,2130,0.8446,0.2294,0.358,1.4942,71.04
INCART,I09,257,2996,0.6005,0.0974,0.3619,1.144,99.92
INCART,I10,257,3681,0.4888,0.029,0.3502,0.6809,122.76
INCART,I11,257,2105,0.8545,0.186,0.5331,1.7276,70.22
INCART,I12,257,2808,0.6407,0.1063,0.3035,0.8482,93.64
INCART,I13,257,2022,0.8895,0.1937,0.4864,1.3541,67.45
INCART,I14,257,1865,0.9648,0.1419,0.4942,1.2451,62.19
INCART,I15,257,2634,0.6832,0.0678,0.4553,1.2179,87.83
INCART,I16,257,1521,1.1824,0.0782,0.4669,1.5642,50.74
INCART,I17,257,1672,1.076,0.1425,0.4475,1.5214,55.76
INCART,I18,257,3083,0.5835,0.135,0.3774,1.284,102.82
INCART,I19,257,2062,0.8724,0.3502,0.428,1.8911,68.77
INCART,I20,257,2651,0.6789,0.1564,0.3346,1.6226,88.38
INCART,I21,257,2183,0.8241,0.1594,0.4202,1.5603,72.81
INCART,I22,257,3125,0.5756,0.1113,0.3074,1.2957,104.24
INCART,I23,257,2204,0.8163,0.0876,0.3774,1.3969,73.51
INCART,I24,257,2570,0.7002,0.0892,0.3969,1.2374,85.68
INCART,I25,257,1711,1.0513,0.1383,0.3696,1.5292,57.07
INCART,I26,257,1508,1.1922,0.1915,0.5019,1.6887,50.33
INCART,I27,257,2604,0.6907,0.2058,0.3969,1.2179,86.87
INCART,I28,257,1716,1.0482,0.1287,0.4553,1.4708,57.24
INCART,I29,257,2620,0.6869,0.2351,0.3113,1.4125,87.35
INCART,I30,257,2461,0.7313,0.2463,0.3385,1.4864,82.05
INCART,I31,257,3209,0.5607,0.177,0.2957,1.2296,107.01
INCART,I32,257,1618,1.112,0.1822,0.4708,1.6809,53.96
INCART,I33,257,1836,0.9801,0.3182,0.4942,1.6848,61.22
INCART,I34,257,1964,0.9159,0.2612,0.393,1.5058,65.51
INCART,I35,257,3675,0.4897,0.0931,0.3346,1.1479,122.53
INCART,I36,257,3910,0.4602,0.1045,0.2918,1.1245,130.37
INCART,I37,257,2460,0.7313,0.1689,0.4086,1.284,82.05
INCART,I38,257,2698,0.6666,0.1371,0.3307,1.2101,90.01
INCART,I39,257,1774,1.0143,0.3075,0.3346,1.6187,59.15
INCART,I40,257,2665,0.675,0.0801,0.3969,0.965,88.89
INCART,I41,257,1629,1.1041,0.1213,0.5603,1.4708,54.34
INCART,I42,257,3108,0.579,0.1956,0.3074,1.2451,103.63
INCART,I43,257,2208,0.8149,0.3772,0.3191,1.5097,73.62
INCART,I44,257,2494,0.7215,0.1744,0.4358,1.1245,83.16
INCART,I45,257,1927,0.9338,0.2901,0.4786,1.4747,64.25
INCART,I46,257,2657,0.6769,0.1491,0.4358,1.3074,88.63
INCART,I47,257,1952,0.9218,0.1687,0.4786,1.5798,65.09
INCART,I48,257,2356,0.7635,0.1383,0.4747,1.3424,78.59
INCART,I49,257,2146,0.8381,0.1547,0.5914,1.8949,71.59
INCART,I50,257,2997,0.6003,0.0825,0.4202,1.249,99.95
INCART,I51,257,2776,0.6483,0.2396,0.2802,1.3424,92.56
INCART,I52,257,1746,1.0302,0.1916,0.4747,1.6926,58.24
INCART,I53,257,2261,0.7959,0.3453,0.2763,1.4981,75.38
INCART,I54,257,2362,0.7617,0.0831,0.3658,1.3191,78.77
INCART,I55,257,2165,0.8309,0.0693,0.4825,1.3735,72.21
INCART,I56,257,1704,1.0558,0.1762,0.4942,1.6109,56.83
INCART,I57,257,2870,0.6271,0.098,0.3346,0.8794,95.68
INCART,I58,257,2324,0.7743,0.0566,0.3658,1.035,77.49
INCART,I59,257,2147,0.8378,0.2161,0.3463,1.3152,71.62
INCART,I60,257,2474,0.7273,0.1314,0.5331,1.3385,82.5
INCART,I61,257,1453,1.238,0.0804,0.8171,1.5525,48.46
INCART,I62,257,2268,0.7929,0.1713,0.3969,1.4086,75.67
INCART,I63,257,1993,0.9027,0.1102,0.3735,1.5914,66.46
INCART,I64,257,1912,0.9413,0.0805,0.2996,1.4514,63.74
INCART,I65,257,2663,0.6754,0.1869,0.3424,1.2529,88.83
INCART,I66,257,2339,0.7693,0.1411,0.3035,1.2568,77.99
INCART,I67,257,2974,0.6049,0.1433,0.2763,1.1401,99.19
INCART,I68,257,2643,0.6806,0.0698,0.4514,1.0389,88.16
INCART,I69,257,2168,0.8298,0.1426,0.4708,1.3113,72.3
INCART,I70,257,1665,1.0804,0.1638,0.5214,1.4514,55.53
INCART,I71,257,1669,1.0781,0.1965,0.3774,1.7549,55.65
INCART,I72,257,2269,0.7933,0.1881,0.3385,1.4669,75.64
INCART,I73,257,1991,0.9035,0.1174,0.4163,1.4358,66.41
INCART,I74,257,2404,0.7487,0.0787,0.4397,1.1128,80.14
INCART,I75,257,2102,0.8559,0.1857,0.5486,1.3969,70.1
