Modelo,Métrica,Media,Std,IC95_inf,IC95_sup,N
GRU_base,R2,0.5249,0.2938,0.4418,0.608,48
GRU_base,MSE,0.4751,0.2938,0.392,0.5582,48
GRU_base,RMSE,0.6576,0.2087,0.5985,0.7166,48
GRU_base,MAE,0.4559,0.152,0.4129,0.4989,48
GRU_base,DTW,11.1728,2.3046,10.5208,11.8248,48
GRU_base,Latencia_ms,0.274,0.132,0.2366,0.3113,48
CNN_GRU,R2,0.5331,0.2818,0.4534,0.6128,48
CNN_GRU,MSE,0.4669,0.2818,0.3872,0.5466,48
CNN_GRU,RMSE,0.653,0.2033,0.5955,0.7105,48
CNN_GRU,MAE,0.4564,0.1468,0.4148,0.4979,48
CNN_GRU,DTW,11.1627,2.3102,10.5091,11.8162,48
CNN_GRU,Latencia_ms,0.2356,0.056,0.2197,0.2514,48
BiGRU_MHA,R2,0.4386,0.3443,0.3412,0.536,48
BiGRU_MHA,MSE,0.5614,0.3443,0.464,0.6588,48
BiGRU_MHA,RMSE,0.713,0.2327,0.6472,0.7788,48
BiGRU_MHA,MAE,0.4885,0.1658,0.4416,0.5355,48
BiGRU_MHA,DTW,11.3379,2.2265,10.7081,11.9678,48
BiGRU_MHA,Latencia_ms,0.5015,0.1122,0.4698,0.5333,48
GRU_base_FT,R2,0.5272,0.2942,0.444,0.6105,48
GRU_base_FT,MSE,0.4728,0.2942,0.3895,0.556,48
GRU_base_FT,RMSE,0.6555,0.2099,0.5961,0.7148,48
GRU_base_FT,MAE,0.4533,0.1533,0.4099,0.4967,48
GRU_base_FT,DTW,11.1859,2.434,10.4973,11.8745,48
GRU_base_FT,Latencia_ms,0.2339,0.0575,0.2177,0.2502,48
CNN_GRU_FT,R2,0.5349,0.2823,0.4551,0.6148,48
CNN_GRU_FT,MSE,0.4651,0.2823,0.3852,0.5449,48
CNN_GRU_FT,RMSE,0.6513,0.2044,0.5935,0.7091,48
CNN_GRU_FT,MAE,0.4542,0.148,0.4123,0.4961,48
CNN_GRU_FT,DTW,11.1507,2.426,10.4644,11.837,48
CNN_GRU_FT,Latencia_ms,0.2314,0.058,0.215,0.2478,48
BiGRU_MHA_FT,R2,0.4568,0.3399,0.3606,0.553,48
BiGRU_MHA_FT,MSE,0.5432,0.3399,0.447,0.6394,48
BiGRU_MHA_FT,RMSE,0.6995,0.2347,0.6331,0.7659,48
BiGRU_MHA_FT,MAE,0.4758,0.1688,0.428,0.5235,48
BiGRU_MHA_FT,DTW,11.2068,2.3605,10.539,11.8746,48
BiGRU_MHA_FT,Latencia_ms,0.5672,0.1779,0.5168,0.6175,48
Ensemble,R2,0.54,0.2727,0.4628,0.6171,48
Ensemble,MSE,0.46,0.2727,0.3829,0.5372,48
Ensemble,RMSE,0.6484,0.2012,0.5915,0.7053,48
Ensemble,MAE,0.4472,0.1447,0.4063,0.4882,48
Ensemble,DTW,11.071,2.3374,10.4097,11.7322,48
Ensemble,Latencia_ms,0.0,0.0,0.0,0.0,48
Ensemble_FT,R2,0.5484,0.2724,0.4714,0.6255,48
Ensemble_FT,MSE,0.4516,0.2724,0.3745,0.5286,48
Ensemble_FT,RMSE,0.6411,0.2034,0.5836,0.6987,48
Ensemble_FT,MAE,0.44,0.1472,0.3984,0.4816,48
Ensemble_FT,DTW,11.0088,2.5007,10.3013,11.7162,48
Ensemble_FT,Latencia_ms,0.0,0.0,0.0,0.0,48
