Notebook,Experimento,Modelo,R2_train,R2_test,MSE,R2_media
NB2 (Deep Learning),B: Latidos,GRU,0.7966 ± 0.1395,0.6592 ± 0.2123,0.399653 ± 0.446927,0.6592030092592592
NB2 (Deep Learning),B: Latidos,LSTM,0.7852 ± 0.1426,0.6592 ± 0.2125,0.403567 ± 0.458181,0.6591877314814815
NB2 (Deep Learning),B: Latidos,CNN-LSTM,0.7905 ± 0.1434,0.6559 ± 0.2131,0.404835 ± 0.463327,0.6559206018518519
NB2 (Deep Learning),B: Latidos,CNN-GRU,0.7953 ± 0.1458,0.6536 ± 0.2170,0.407186 ± 0.465859,0.6535506944444444
NB1 (Tradicional),B: Latidos,SVR_rbf,0.8722 ± 0.1185,0.6454 ± 0.3110,0.158466 ± 0.506403,0.6454056547619047
NB1 (Tradicional),B: Latidos,RF,0.8495 ± 0.0948,0.6264 ± 0.2019,0.418494 ± 0.357136,0.626447619047619
NB1 (Tradicional),B: Latidos,MLP,0.7595 ± 0.1628,0.5829 ± 0.2449,0.454277 ± 0.362955,0.5829279761904762
NB1 (Tradicional),B: Latidos,DT,0.8257 ± 0.1161,0.4520 ± 0.2899,0.599798 ± 0.462335,0.4519935515873016
NB2 (Deep Learning),A: Tiempo,GRU,0.3957 ± 0.2202,0.2371 ± 0.2322,0.848649 ± 0.711623,0.23711620370370368
NB2 (Deep Learning),A: Tiempo,CNN-GRU,0.4034 ± 0.2296,0.2267 ± 0.2320,0.856316 ± 0.701551,0.2266949074074074
NB2 (Deep Learning),A: Tiempo,CNN-LSTM,0.4025 ± 0.2307,0.2265 ± 0.2301,0.857600 ± 0.700791,0.2265050925925926
NB2 (Deep Learning),A: Tiempo,LSTM,0.3767 ± 0.2292,0.2174 ± 0.2295,0.869022 ± 0.711762,0.21743356481481482
NB1 (Tradicional),A: Tiempo,RF,0.5583 ± 0.2033,0.1603 ± 0.1859,0.913861 ± 0.561295,0.16027480158730156
NB2 (Deep Learning),B: Latidos,Persistencia,0.1434 ± 0.5608,0.1405 ± 0.5937,0.922041 ± 0.805822,0.14053379629629628
NB1 (Tradicional),A: Tiempo,SVR_rbf,0.4625 ± 0.1516,0.1197 ± 0.1959,0.972421 ± 0.675224,0.1197347222222222
NB1 (Tradicional),A: Tiempo,MLP,0.2778 ± 0.2425,0.0878 ± 0.1906,0.986973 ± 0.585669,0.08775079365079365
NB1 (Tradicional),B: Latidos,Persistencia,0.0893 ± 0.5412,0.0740 ± 0.5654,0.974388 ± 0.687987,0.07402083333333333
NB1 (Tradicional),A: Tiempo,DT,0.5450 ± 0.2022,-0.1989 ± 0.2837,1.282244 ± 0.718144,-0.19890218253968256
NB2 (Deep Learning),A: Tiempo,Persistencia,-0.7034 ± 0.3501,-0.7462 ± 0.3984,1.884779 ± 1.238896,-0.74618125
NB1 (Tradicional),A: Tiempo,Persistencia,-0.8138 ± 0.2949,-0.8443 ± 0.3592,1.957366 ± 0.962559,-0.844295634920635
NB1 (Tradicional),A: Tiempo,ARIMA,0.9639 ± 0.0329,-4.4684 ± 34.7920,5.304020 ± 33.146011,-4.468412896825396
NB1 (Tradicional),A: Tiempo,LinReg,1.0000 ± 0.0000,-9.5198 ± 12.1553,10.914799 ± 13.894409,-9.519820833333334
NB1 (Tradicional),B: Latidos,LinReg,0.9299 ± 0.0898,-2963811249.6389 ± 36315966911.4480,2971726133.369697 ± 35824367108.138496,-2963811249.6388965
