paciente_test,Modelo,n_train,n_test,n_ft,t_fit_s,epochs,Latencia_ms,R2_total,RMSE_total,MAE_total,SMAPE_total,Corr_total,R2_t1,RMSE_t1,R2_t2,RMSE_t2,R2_t3,RMSE_t3,R2_mean,Slope_MSE,Amp_Error,Shape_Corr,DTW_mean,DTW_std,Forecast_Score,R2_train
100,CNN_GRU_ATTN,63440,2234,0,754.65,30,0.0,0.9526,0.197111,0.117557,0.513138,0.976,0.9558,0.190306,0.9517,0.198904,0.9503,0.201936,0.9526,0.005856,0.186506,0.9789,0.0489,0.0069,0.9525,0.7654788494110107
100,CNN_GRU_ATTN_FT,63440,2234,30,754.65,30,0.0,0.9529,0.196471,0.116515,0.502889,0.9762,0.9559,0.19006,0.9523,0.197738,0.9505,0.201444,0.9529,0.005849,0.173295,0.979,0.048,0.0065,0.9532,
101,CNN_GRU_ATTN,63440,1824,0,741.05,30,0.0,0.9651,0.176056,0.112037,0.43281,0.9824,0.9696,0.164275,0.9637,0.179586,0.962,0.18371,0.9651,0.002979,0.128854,0.9538,0.069,0.0444,0.9626,0.7666077613830566
101,CNN_GRU_ATTN_FT,63440,1824,30,741.05,30,0.0,0.9666,0.172427,0.109666,0.428546,0.9831,0.9711,0.160245,0.9652,0.175777,0.9633,0.180602,0.9666,0.002856,0.118799,0.9544,0.0681,0.0447,0.9642,
102,CNN_GRU_ATTN,63440,2148,0,807.71,30,0.0,0.8143,0.430968,0.263056,0.625932,0.9039,0.8364,0.404422,0.8043,0.442408,0.8021,0.44488,0.8143,0.006197,0.651364,0.9122,0.1127,0.0486,0.8271,0.7693224549293518
102,CNN_GRU_ATTN_FT,63440,2148,30,807.71,30,0.0,0.8173,0.427479,0.258295,0.607361,0.9059,0.8395,0.400566,0.8063,0.440079,0.8059,0.44056,0.8173,0.006121,0.642114,0.913,0.111,0.0496,0.8297,
103,CNN_GRU_ATTN,63440,2045,0,737.61,30,0.0,0.9705,0.16191,0.100706,0.391886,0.9851,0.9746,0.150185,0.9682,0.168037,0.9686,0.166893,0.9705,0.002486,0.148,0.9886,0.0324,0.0055,0.9695,0.7697873711585999
103,CNN_GRU_ATTN_FT,63440,2045,30,737.61,30,0.0,0.9707,0.161233,0.098919,0.385284,0.9853,0.9751,0.148766,0.9683,0.167685,0.9688,0.166547,0.9707,0.00248,0.142617,0.9888,0.0307,0.0049,0.97,
104,CNN_GRU_ATTN,63440,2172,0,828.6,30,0.0,0.512,0.697164,0.473038,1.01592,0.7419,0.6199,0.61524,0.4905,0.712357,0.4255,0.756398,0.512,0.015397,0.62663,0.6801,0.2591,0.0769,0.5824,0.7678415775299072
104,CNN_GRU_ATTN_FT,63440,2172,30,828.6,30,0.0,0.5343,0.681036,0.456423,0.978872,0.7537,0.647,0.592964,0.5097,0.698779,0.4462,0.742651,0.5343,0.015153,0.618056,0.6935,0.2461,0.0817,0.6027,
105,CNN_GRU_ATTN,63440,2528,0,831.76,30,0.0,0.8223,0.420706,0.229594,0.674053,0.9079,0.8268,0.415375,0.8202,0.423164,0.8199,0.423529,0.8223,0.002752,0.32303,0.9791,0.0523,0.0267,0.8443,0.7675319910049438
105,CNN_GRU_ATTN_FT,63440,2528,30,831.76,30,0.0,0.8227,0.420241,0.229348,0.677958,0.9082,0.8267,0.415462,0.8206,0.422726,0.8208,0.422494,0.8227,0.00275,0.321813,0.9792,0.0526,0.0264,0.8446,
106,CNN_GRU_ATTN,63440,1988,0,789.98,30,0.0,0.6888,0.551176,0.323182,0.736577,0.8329,0.6814,0.557717,0.6998,0.541387,0.6853,0.554291,0.6888,0.007898,0.632662,0.7944,0.1578,0.0926,0.71,0.7684071063995361
106,CNN_GRU_ATTN_FT,63440,1988,30,789.98,30,0.0,0.6938,0.546769,0.319371,0.728832,0.8363,0.6865,0.553153,0.7037,0.537793,0.691,0.549244,0.6938,0.007786,0.600561,0.7996,0.152,0.0963,0.715,
107,CNN_GRU_ATTN,63440,2098,0,830.14,30,0.0,0.7885,0.459928,0.294299,0.616194,0.8886,0.8172,0.427546,0.791,0.457168,0.7572,0.49275,0.7885,0.00296,0.423085,0.9324,0.0961,0.0497,0.8164,0.7679884433746338
107,CNN_GRU_ATTN_FT,63440,2098,30,830.14,30,0.0,0.8012,0.445857,0.28111,0.594114,0.896,0.8242,0.41925,0.8009,0.446155,0.7785,0.470681,0.8012,0.002744,0.393134,0.94,0.0872,0.0435,0.8264,
108,CNN_GRU_ATTN,63440,1724,0,754.51,30,0.0,0.4826,0.719284,0.378483,0.808378,0.7248,0.5165,0.695308,0.4802,0.720951,0.4511,0.740868,0.4826,0.017661,0.727726,0.7681,0.1094,0.0817,0.5492,0.7667257785797119
108,CNN_GRU_ATTN_FT,63440,1724,30,754.51,30,0.0,0.4842,0.718205,0.37976,0.809984,0.7257,0.5149,0.696463,0.4835,0.718705,0.4541,0.738823,0.4842,0.017577,0.726603,0.7705,0.1071,0.0804,0.5501,
109,CNN_GRU_ATTN,63440,2493,0,777.94,30,0.0,0.9331,0.258697,0.149609,0.661175,0.966,0.9321,0.260526,0.9384,0.248222,0.9287,0.266992,0.9331,0.001151,0.231816,0.9698,0.0733,0.0357,0.9343,0.7673819065093994
109,CNN_GRU_ATTN_FT,63440,2493,30,777.94,30,0.0,0.9366,0.251781,0.141252,0.621904,0.9678,0.9366,0.251843,0.9407,0.243423,0.9325,0.259812,0.9366,0.001141,0.213354,0.9715,0.0679,0.0357,0.938,
111,CNN_GRU_ATTN,63440,2085,0,805.91,30,0.0,0.8145,0.430739,0.275444,0.585561,0.903,0.8405,0.399324,0.8092,0.436846,0.7937,0.454218,0.8145,0.005899,0.462314,0.9213,0.091,0.0349,0.8336,0.7683798670768738
111,CNN_GRU_ATTN_FT,63440,2085,30,805.91,30,0.0,0.8169,0.427852,0.272598,0.575218,0.9048,0.8425,0.39686,0.8116,0.433997,0.7967,0.450911,0.8169,0.005832,0.449436,0.9226,0.0897,0.0343,0.8359,
112,CNN_GRU_ATTN,63440,2500,0,866.46,30,0.0,0.9209,0.281252,0.178657,0.424016,0.9624,0.9481,0.227725,0.8873,0.335671,0.9272,0.269768,0.9209,0.004825,0.69875,0.9691,0.0779,0.0323,0.9162,0.7670387029647827
112,CNN_GRU_ATTN_FT,63440,2500,30,866.46,30,0.0,0.9368,0.251384,0.164584,0.403852,0.9697,0.9544,0.213445,0.9175,0.287163,0.9384,0.248114,0.9368,0.004175,0.541214,0.9731,0.0731,0.0295,0.9314,
113,CNN_GRU_ATTN,63440,1756,0,816.41,30,0.0,0.8928,0.327344,0.192809,0.389106,0.9449,0.8998,0.316542,0.8831,0.341883,0.8956,0.323077,0.8928,0.002583,0.28909,0.9513,0.0486,0.0141,0.8988,0.7649983763694763
113,CNN_GRU_ATTN_FT,63440,1756,30,816.41,30,0.0,0.8963,0.321953,0.186012,0.372163,0.9468,0.9038,0.310079,0.8865,0.336817,0.8986,0.318381,0.8963,0.002518,0.263425,0.953,0.0455,0.0125,0.9027,
114,CNN_GRU_ATTN,63440,1840,0,805.22,30,0.0,0.758,0.491769,0.311566,0.737662,0.8722,0.7772,0.471828,0.7494,0.500454,0.7474,0.502429,0.758,0.012521,0.74799,0.9452,0.0694,0.0414,0.7828,0.7676048874855042
114,CNN_GRU_ATTN_FT,63440,1840,30,805.22,30,0.0,0.7674,0.482139,0.303615,0.723004,0.8777,0.7897,0.458378,0.7593,0.490447,0.7531,0.496715,0.7674,0.012216,0.703019,0.9464,0.0686,0.0395,0.7921,
115,CNN_GRU_ATTN,63440,1914,0,828.6,30,0.0,0.9757,0.143429,0.088338,0.459494,0.9879,0.9763,0.141455,0.9742,0.147787,0.9765,0.140944,0.9757,0.003551,0.148053,0.9891,0.0406,0.0072,0.9728,0.7671676874160767
115,CNN_GRU_ATTN_FT,63440,1914,30,828.6,30,0.0,0.9757,0.143249,0.087819,0.460638,0.9879,0.9764,0.141342,0.9742,0.147654,0.9766,0.140646,0.9757,0.003562,0.165388,0.9891,0.0406,0.0072,0.9722,
116,CNN_GRU_ATTN,63440,2373,0,698.15,30,0.0,0.8936,0.315019,0.16533,0.5052949786186218,0.9455,0.9089,0.291603,0.8919,0.317537,0.8801,0.334439,0.8936,0.0058439997956156,0.3729450106620788,0.9755,0.0515,0.0375,0.9022,0.7646575570106506
116,CNN_GRU_ATTN_FT,63440,2373,30,698.15,30,0.0,0.8948,0.313307,0.163721,0.5001890063285828,0.9461,0.9093,0.290894,0.8934,0.315371,0.8817,0.332273,0.8948,0.0057839998044073,0.3682929873466491,0.9759,0.0509,0.0376,0.9032,
117,CNN_GRU_ATTN,63440,1496,0,713.59,30,0.0,0.8411,0.398567,0.210096,0.4753339886665344,0.9183,0.8101,0.435819,0.8556,0.380031,0.8578,0.377099,0.8411,0.0123530002310872,1.2866339683532717,0.9277,0.0737,0.0154,0.8306,0.768035888671875
117,CNN_GRU_ATTN_FT,63440,1496,30,713.59,30,0.0,0.8524,0.38417,0.195589,0.4447450041770935,0.9235,0.817,0.427818,0.8741,0.354761,0.8661,0.36589,0.8524,0.0121430000290274,1.111744046211243,0.9362,0.0609,0.0118,0.8419,
118,CNN_GRU_ATTN,63440,2239,0,765.43,30,0.0,0.9415,0.241903,0.152954,0.5648409724235535,0.9705,0.9433,0.238073,0.9397,0.245521,0.9414,0.242057,0.9415,0.0045449999161064,0.319469004869461,0.9774,0.0588,0.045,0.9389,0.7685702443122864
118,CNN_GRU_ATTN_FT,63440,2239,30,765.43,30,0.0,0.9436,0.237581,0.148574,0.5514060258865356,0.9714,0.9458,0.232865,0.9417,0.241489,0.9432,0.23831,0.9436,0.0045260000042617,0.2650569975376129,0.9782,0.0568,0.0435,0.9423,
119,CNN_GRU_ATTN,63440,1948,0,734.66,30,0.0,0.6699,0.559199,0.340214,0.8105019927024841,0.8232,0.6391,0.584746,0.7111,0.523172,0.6596,0.56787,0.6699,0.0104090003296732,0.5998439788818359,0.8133,0.1382,0.0787,0.6944,0.7644581198692322
119,CNN_GRU_ATTN_FT,63440,1948,30,734.66,30,0.0,0.6795,0.551039,0.332734,0.8037930130958557,0.8293,0.6529,0.573446,0.7212,0.513894,0.6643,0.56392,0.6795,0.0103740002959966,0.5806310176849365,0.8239,0.136,0.0806,0.7046,
121,CNN_GRU_ATTN,63440,1824,0,786.13,30,0.0,0.9397,0.245594,0.15917,0.5299599766731262,0.9694,0.9417,0.241485,0.939,0.246965,0.9384,0.24828,0.9397,0.0027989998925477,0.2356099933385849,0.9877,0.0481,0.009,0.9413,0.765721321105957
121,CNN_GRU_ATTN_FT,63440,1824,30,786.13,30,0.0,0.9412,0.242566,0.156364,0.5277770161628723,0.9701,0.9436,0.237548,0.9402,0.244484,0.9397,0.245587,0.9412,0.0027860000263899,0.2216430008411407,0.9884,0.0472,0.0087,0.9431,
122,CNN_GRU_ATTN,63440,2437,0,785.15,30,0.0,0.9878,0.110531,0.072205,0.294717013835907,0.994,0.987,0.113871,0.9884,0.107482,0.9879,0.110147,0.9878,0.0012870000209659,0.1735969930887222,0.9936,0.039,0.0131,0.982,0.7664069533348083
122,CNN_GRU_ATTN_FT,63440,2437,30,785.15,30,0.0,0.9886,0.106768,0.070567,0.2938809990882873,0.9943,0.9877,0.110703,0.9894,0.103014,0.9887,0.106447,0.9886,0.0012379999971017,0.1579149961471557,0.9937,0.0389,0.0131,0.9832,
123,CNN_GRU_ATTN,63440,1479,0,800.84,30,0.0,0.9731,0.159424,0.10454,0.4115540087223053,0.9865,0.9728,0.160362,0.9726,0.16079,0.9739,0.157096,0.9731,0.0027089999057352,0.1455270051956176,0.9857,0.0493,0.027,0.9704,0.7687546610832214
123,CNN_GRU_ATTN_FT,63440,1479,30,800.84,30,0.0,0.9749,0.153829,0.100001,0.3971819877624511,0.9874,0.9746,0.155031,0.9744,0.155382,0.9758,0.151035,0.9749,0.0026589999906718,0.1439179927110672,0.9866,0.0482,0.0271,0.972,
124,CNN_GRU_ATTN,63440,1580,0,811.42,30,0.0,0.9252,0.273557,0.116707,0.5467900037765503,0.9619,0.9309,0.26279,0.9232,0.277075,0.9213,0.280483,0.9252,0.0024200000334531,0.2296150028705597,0.9913,0.0363,0.0056,0.931,0.7677576541900635
124,CNN_GRU_ATTN_FT,63440,1580,30,811.42,30,0.0,0.9263,0.271528,0.112765,0.5369200110435486,0.9625,0.9318,0.261155,0.9246,0.274619,0.9224,0.278504,0.9263,0.002424000063911,0.2256180047988891,0.9916,0.0344,0.0045,0.9321,
200,CNN_GRU_ATTN,63440,2562,0,761.7,30,0.0,0.3725,0.788592,0.406761,1.0577930212020874,0.6532,0.3497,0.802791,0.4665,0.727106,0.3012,0.832151,0.3725,0.0182039998471736,1.0069069862365725,0.6337,0.2207,0.1075,0.4391,0.7693830132484436
200,CNN_GRU_ATTN_FT,63440,2562,30,761.7,30,0.0,0.3851,0.78061,0.399904,1.0516380071640017,0.658,0.366,0.792626,0.4793,0.718346,0.31,0.82691,0.3851,0.0179919991642236,1.023182034492493,0.6392,0.2155,0.1068,0.4505,
201,CNN_GRU_ATTN,63440,1924,0,817.18,30,0.0,0.7438,0.498828,0.284001,0.7300729751586914,0.8667,0.7364,0.506003,0.7419,0.500705,0.7531,0.489637,0.7438,0.0055350000038743,0.417055994272232,0.9289,0.1048,0.0427,0.7709,0.766773521900177
201,CNN_GRU_ATTN_FT,63440,1924,30,817.18,30,0.0,0.7427,0.499877,0.284182,0.7294890284538269,0.8665,0.7364,0.505971,0.7421,0.500424,0.7496,0.493153,0.7427,0.0055390000343322,0.4223650097846985,0.9294,0.1048,0.043,0.7703,
202,CNN_GRU_ATTN,63440,2097,0,825.26,30,0.0,0.897,0.319041,0.168826,0.5320330262184143,0.9471,0.9021,0.311162,0.8977,0.318099,0.8914,0.327648,0.897,0.002688999986276,0.2929340004920959,0.9801,0.0363,0.0097,0.9055,0.7688818573951721
202,CNN_GRU_ATTN_FT,63440,2097,30,825.26,30,0.0,0.8977,0.318048,0.166895,0.5281839966773987,0.9475,0.9029,0.3099,0.8979,0.317677,0.8923,0.326355,0.8977,0.0026740001048892,0.2774879932403564,0.9804,0.0348,0.0091,0.9065,
203,CNN_GRU_ATTN,63440,2937,0,891.89,30,0.0,0.2781,0.849612,0.517895,1.133362054824829,0.6003,0.4221,0.760192,0.228,0.878606,0.1843,0.903151,0.2781,0.0190019998699426,0.9013820290565492,0.5071,0.2301,0.11,0.3796,0.7687145471572876
203,CNN_GRU_ATTN_FT,63440,2937,30,891.89,30,0.0,0.2816,0.84759,0.51651,1.1329569816589355,0.6007,0.4265,0.757251,0.2294,0.877842,0.1888,0.900661,0.2816,0.0189350005239248,0.9174379706382751,0.5072,0.2295,0.1096,0.3821,
205,CNN_GRU_ATTN,63440,2617,0,785.0,30,0.0,0.8968,0.287778,0.14115,0.5870540142059326,0.9474,0.9161,0.259476,0.8858,0.302705,0.8885,0.299148,0.8968,0.0063629997894167,0.2002999931573867,0.9869,0.0485,0.0044,0.9112,0.7668209671974182
205,CNN_GRU_ATTN_FT,63440,2617,30,785.0,30,0.0,0.8993,0.284302,0.136397,0.5691379904747009,0.9488,0.9184,0.255868,0.8888,0.298683,0.8906,0.296316,0.8993,0.0063280002214014,0.1955019980669021,0.9882,0.0453,0.0041,0.9135,
207,CNN_GRU_ATTN,63440,1821,0,827.42,30,0.0,0.8353,0.405874,0.18701,0.440524011850357,0.914,0.828,0.414787,0.8633,0.369693,0.8145,0.430674,0.8353,0.0024780000094324,0.4234980046749115,0.4894,0.2512,0.1546,0.8031,0.7665323615074158
207,CNN_GRU_ATTN_FT,63440,1821,30,827.42,30,0.0,0.8424,0.396949,0.185199,0.4403409957885742,0.9179,0.8371,0.403564,0.8651,0.367345,0.8251,0.418209,0.8424,0.002373999916017,0.4239049851894378,0.5243,0.247,0.1539,0.8123,
208,CNN_GRU_ATTN,63440,2914,0,800.52,30,0.0,0.4665,0.713057,0.465586,0.9871469736099244,0.7066,0.3819,0.767521,0.4793,0.704466,0.5383,0.663317,0.4665,0.0160530004650354,0.8048970103263855,0.7453,0.186,0.0498,0.5048,0.7698304653167725
208,CNN_GRU_ATTN_FT,63440,2914,30,800.52,30,0.0,0.4982,0.69154,0.453041,0.9773110151290894,0.7247,0.4118,0.748739,0.5022,0.688793,0.5807,0.632169,0.4982,0.0154929999262094,0.772284984588623,0.7609,0.1836,0.0477,0.5309,
209,CNN_GRU_ATTN,63440,2966,0,840.39,30,0.0,0.854,0.371691,0.215444,0.681119978427887,0.9243,0.8664,0.355552,0.8532,0.37265,0.8423,0.386236,0.854,0.0130930002778768,0.4560689926147461,0.974,0.0631,0.0161,0.8673,0.7673074007034302
209,CNN_GRU_ATTN_FT,63440,2966,30,840.39,30,0.0,0.8557,0.369461,0.21331,0.6790900230407715,0.9256,0.8675,0.354072,0.8554,0.369858,0.8442,0.383853,0.8557,0.0128779998049139,0.3790310025215149,0.9748,0.061,0.0162,0.8706,
210,CNN_GRU_ATTN,63440,2611,0,780.46,30,0.0,0.7218,0.525911,0.242132,0.9958580136299132,0.8533,0.796,0.450343,0.6834,0.561107,0.6861,0.558655,0.7218,0.0060970000922679,0.5109540224075317,0.848,0.0995,0.0843,0.7598,0.7662714123725891
210,CNN_GRU_ATTN_FT,63440,2611,30,780.46,30,0.0,0.7299,0.518281,0.238529,0.991509974002838,0.8577,0.801,0.44484,0.6959,0.549878,0.6927,0.552807,0.7299,0.0059690000489354,0.4850560128688812,0.8536,0.0967,0.0828,0.767,
212,CNN_GRU_ATTN,63440,2709,0,800.44,30,0.0,0.9331,0.2526,0.179667,0.51077800989151,0.9661,0.9436,0.231803,0.9325,0.253772,0.9231,0.270715,0.9331,0.004333000164479,0.2504709959030151,0.9648,0.0716,0.0293,0.9353,0.7673261165618896
212,CNN_GRU_ATTN_FT,63440,2709,30,800.44,30,0.0,0.935,0.248956,0.176776,0.5061389803886414,0.967,0.9454,0.228189,0.9346,0.249707,0.925,0.26742,0.935,0.0042849997989833,0.2319580018520355,0.9657,0.0699,0.0294,0.9375,
213,CNN_GRU_ATTN,63440,3212,0,753.79,30,0.0,0.8083,0.437728,0.259769,0.69759202003479,0.8992,0.8156,0.429298,0.8032,0.443561,0.8061,0.440199,0.8083,0.0055949999950826,0.7121679782867432,0.9634,0.0587,0.0251,0.8232,0.7698924541473389
213,CNN_GRU_ATTN_FT,63440,3212,30,753.79,30,0.0,0.8123,0.433085,0.255339,0.6902160048484802,0.9016,0.8163,0.428507,0.8122,0.433294,0.8086,0.437408,0.8123,0.0053920000791549,0.6673139929771423,0.9658,0.0548,0.0256,0.8272,
214,CNN_GRU_ATTN,63440,2221,0,759.77,30,0.0,0.7531,0.496658,0.250172,0.7226420044898987,0.8712,0.7817,0.467009,0.7316,0.517797,0.7459,0.503781,0.7531,0.0035749999806284,0.4913530051708221,0.8401,0.086,0.0919,0.7748,0.7671709060668945
214,CNN_GRU_ATTN_FT,63440,2221,30,759.77,30,0.0,0.7582,0.491507,0.246534,0.7165570259094238,0.8743,0.7866,0.461718,0.7374,0.512204,0.7505,0.4992,0.7582,0.0035439999774098,0.479420006275177,0.8436,0.0855,0.0917,0.7795,
215,CNN_GRU_ATTN,63440,3324,0,752.47,30,0.0,0.8141,0.431127,0.263648,0.6773719787597656,0.9028,0.846,0.392416,0.8095,0.436496,0.7869,0.461618,0.8141,0.0077030002139508,0.5358899831771851,0.8685,0.1408,0.0826,0.8278,0.7703949213027954
215,CNN_GRU_ATTN_FT,63440,3324,30,752.47,30,0.0,0.8189,0.42555,0.25389,0.647508978843689,0.9057,0.8516,0.385157,0.813,0.432469,0.7921,0.455965,0.8189,0.0075949998572468,0.5228739976882935,0.8706,0.1366,0.0843,0.8322,
217,CNN_GRU_ATTN,63440,2169,0,760.84,30,0.0,0.5478,0.672376,0.405597,0.8610730171203613,0.7556,0.6096,0.624801,0.5418,0.676829,0.4921,0.712597,0.5478,0.0059759998694062,0.5308899879455566,0.783,0.1218,0.1127,0.6138,0.7718837857246399
217,CNN_GRU_ATTN_FT,63440,2169,30,760.84,30,0.0,0.5519,0.669374,0.393435,0.8120909929275513,0.7588,0.6143,0.621015,0.5449,0.674525,0.4964,0.709606,0.5519,0.0059509999118745,0.5326589941978455,0.7869,0.1123,0.1154,0.6174,
219,CNN_GRU_ATTN,63440,2115,0,804.77,30,0.0,0.9426,0.238566,0.149486,0.7801929712295532,0.9715,0.9485,0.226086,0.9416,0.240638,0.9378,0.248436,0.9426,0.0020079999230802,0.4433409869670868,0.9662,0.0609,0.0188,0.9366,0.7659707069396973
219,CNN_GRU_ATTN_FT,63440,2115,30,804.77,30,0.0,0.9469,0.229618,0.142367,0.7585480213165283,0.9733,0.9499,0.222845,0.9458,0.231965,0.9449,0.233893,0.9469,0.0019890000112354,0.3663730025291443,0.9679,0.0569,0.0181,0.9414,
220,CNN_GRU_ATTN,63440,2009,0,723.51,30,0.0,0.9558,0.197293,0.110027,0.4745500087738037,0.9777,0.958,0.192355,0.954,0.201277,0.9554,0.198143,0.9558,0.0046169999986886,0.2248779982328415,0.9899,0.0437,0.0081,0.9546,0.7693178653717041
220,CNN_GRU_ATTN_FT,63440,2009,30,723.51,30,0.0,0.9566,0.195442,0.106666,0.4604870080947876,0.9781,0.9591,0.189848,0.9546,0.20004,0.9562,0.196302,0.9566,0.0046029998920857,0.2142090052366256,0.9904,0.0402,0.008,0.9557,
221,CNN_GRU_ATTN,63440,2388,0,716.09,30,0.0,0.8009,0.430133,0.244011,0.7834950089454651,0.8965,0.837,0.38922,0.7674,0.464974,0.7984,0.43284,0.8009,0.0069869998842477,0.4601719975471496,0.8868,0.1241,0.0562,0.819,0.7704018354415894
221,CNN_GRU_ATTN_FT,63440,2388,30,716.09,30,0.0,0.8057,0.424942,0.239681,0.7745530009269714,0.8991,0.8412,0.384167,0.775,0.457316,0.8009,0.430121,0.8057,0.0068279998376965,0.4532270133495331,0.8898,0.1223,0.0546,0.8234,
222,CNN_GRU_ATTN,63440,2444,0,783.14,30,0.0,0.4691,0.703183,0.502138,1.1847790479660034,0.7053,0.4715,0.701609,0.4731,0.700569,0.4628,0.707353,0.4691,0.0216610003262758,0.7006930112838745,0.8997,0.1582,0.0395,0.5446,0.7682331204414368
222,CNN_GRU_ATTN_FT,63440,2444,30,783.14,30,0.0,0.482,0.694641,0.491736,1.1657240390777588,0.7148,0.4853,0.692393,0.4853,0.692415,0.4753,0.699095,0.482,0.0215470008552074,0.6658769845962524,0.9112,0.1455,0.0361,0.5568,
223,CNN_GRU_ATTN,63440,2566,0,830.62,30,0.0,0.8144,0.429623,0.207816,0.6736479997634888,0.9032,0.7909,0.456098,0.8409,0.397808,0.8115,0.432958,0.8144,0.004505000077188,0.3541780114173889,0.9714,0.0346,0.0204,0.8321,0.7689839601516724
223,CNN_GRU_ATTN_FT,63440,2566,30,830.62,30,0.0,0.8146,0.429451,0.207028,0.6715260148048401,0.9035,0.7912,0.455729,0.8434,0.394696,0.8092,0.435672,0.8146,0.004497000016272,0.3482339978218078,0.9714,0.0344,0.0202,0.8327,
228,CNN_GRU_ATTN,63440,2014,0,771.93,30,0.0,0.5476,0.672464,0.484915,0.9929559826850892,0.7482,0.5197,0.692941,0.5986,0.633479,0.5247,0.689319,0.5476,0.0120999999344348,0.674930989742279,0.629,0.2587,0.1019,0.5784,0.7699030041694641
228,CNN_GRU_ATTN_FT,63440,2014,30,771.93,30,0.0,0.5672,0.657757,0.472233,0.971705973148346,0.7603,0.5446,0.674697,0.6155,0.620007,0.5415,0.676983,0.5672,0.0119660003110766,0.6651219725608826,0.6425,0.2528,0.1007,0.5966,
230,CNN_GRU_ATTN,63440,2217,0,811.96,30,0.0,0.8941,0.324188,0.199973,0.646776020526886,0.9456,0.9158,0.289145,0.894,0.324407,0.8726,0.355598,0.8941,0.0028719999827444,0.4146150052547455,0.9452,0.0874,0.0471,0.9004,0.771371066570282
230,CNN_GRU_ATTN_FT,63440,2217,30,811.96,30,0.0,0.8967,0.320182,0.196359,0.6363930106163025,0.947,0.9181,0.285188,0.8955,0.322164,0.8767,0.349896,0.8967,0.002828000113368,0.3989849984645843,0.9475,0.0851,0.0464,0.903,
231,CNN_GRU_ATTN,63440,1532,0,768.84,30,0.0,0.9437,0.235374,0.149993,0.4416210055351257,0.9714,0.9364,0.250198,0.95,0.221721,0.9447,0.233331,0.9437,0.0030940000433474,0.2600989937782287,0.9612,0.0675,0.062,0.9394,0.7696225643157959
231,CNN_GRU_ATTN_FT,63440,1532,30,768.84,30,0.0,0.9477,0.226738,0.142378,0.4179030060768127,0.9735,0.9429,0.236897,0.9525,0.216212,0.9478,0.226634,0.9477,0.0030239999759942,0.266961008310318,0.964,0.0641,0.0597,0.9432,
232,CNN_GRU_ATTN,63440,1741,0,768.38,30,0.0,0.8981,0.319255,0.221614,0.6717249751091003,0.9478,0.9015,0.313816,0.9096,0.300615,0.883,0.341939,0.8981,0.0063339998014271,0.5431860089302063,0.9444,0.1186,0.0331,0.897,0.7642739415168762
232,CNN_GRU_ATTN_FT,63440,1741,30,768.38,30,0.0,0.9063,0.306124,0.213519,0.6549000144004822,0.952,0.9101,0.299853,0.9146,0.29212,0.8941,0.325405,0.9063,0.0060290000401437,0.4567390084266662,0.9486,0.1152,0.0329,0.9057,
233,CNN_GRU_ATTN,63440,3040,0,757.5,30,0.0,0.2724,0.852977,0.481241,1.0823789834976196,0.5949,0.5302,0.685412,0.1274,0.934137,0.1597,0.916684,0.2724,0.0127609996125102,0.886322021484375,0.6008,0.2598,0.0843,0.4038,0.771230161190033
233,CNN_GRU_ATTN_FT,63440,3040,30,757.5,30,0.0,0.2783,0.849517,0.474427,1.0696369409561155,0.6004,0.5456,0.674075,0.1304,0.932544,0.159,0.917073,0.2783,0.0126390000805258,0.8556140065193176,0.6066,0.2559,0.0858,0.4117,
234,CNN_GRU_ATTN,63440,2714,0,771.42,30,0.0,0.9756,0.146973,0.089833,0.5345569849014282,0.9878,0.9779,0.139759,0.9742,0.150872,0.9745,0.150028,0.9756,0.0025679999962449,0.0896539986133575,0.9921,0.0398,0.0048,0.9759,0.7679858207702637
234,CNN_GRU_ATTN_FT,63440,2714,30,771.42,30,0.0,0.9766,0.143666,0.088544,0.5395200252532959,0.9883,0.9787,0.137025,0.9754,0.147356,0.9757,0.14639,0.9766,0.0024890000931918,0.0837749987840652,0.9926,0.0399,0.0048,0.977,
I01,CNN_GRU_ATTN,63440,2718,0,750.02,30,0.0,0.5151,0.676229,0.413943,0.892536997795105,0.7343,0.5458,0.654443,0.4974,0.688423,0.502,0.685299,0.5151,0.0304119996726512,0.8549559712409973,0.7673,0.1704,0.0469,0.5702,0.7683873176574707
I01,CNN_GRU_ATTN_FT,63440,2718,30,750.02,30,0.0,0.5183,0.67394,0.411731,0.8874520063400269,0.7359,0.5502,0.651292,0.5009,0.686016,0.5039,0.68395,0.5183,0.0303130000829696,0.8625199794769287,0.7678,0.1698,0.0467,0.573,
I02,CNN_GRU_ATTN,63440,2635,0,836.49,30,0.0,0.5597,0.641277,0.381568,0.831375002861023,0.7585,0.6249,0.591935,0.5324,0.660888,0.5219,0.668242,0.5597,0.0288319997489452,0.8790510296821594,0.7757,0.1817,0.06,0.6141,0.7676293253898621
I02,CNN_GRU_ATTN_FT,63440,2635,30,836.49,30,0.0,0.5646,0.637756,0.378615,0.8263279795646667,0.7611,0.6299,0.587955,0.5368,0.657776,0.527,0.66471,0.5646,0.0286899991333484,0.8688610196113586,0.7785,0.18,0.0585,0.6184,
I03,CNN_GRU_ATTN,63440,2413,0,732.46,30,0.0,0.7953,0.442015,0.243251,0.8101710081100464,0.8928,0.8004,0.436431,0.798,0.43906,0.7874,0.45043,0.7953,0.0250969994813203,0.5977020263671875,0.9433,0.0527,0.0057,0.8122,0.7655135989189148
I03,CNN_GRU_ATTN_FT,63440,2413,30,732.46,30,0.0,0.7977,0.439337,0.240289,0.799485981464386,0.8945,0.8027,0.433898,0.8005,0.436284,0.79,0.447705,0.7977,0.0250230003148317,0.5347819924354553,0.9447,0.0508,0.0057,0.8155,
I04,CNN_GRU_ATTN,63440,2385,0,753.3,30,0.0,0.7548,0.487649,0.265173,0.7847319841384888,0.8703,0.7666,0.475747,0.7505,0.491889,0.7472,0.495089,0.7548,0.0275389999151229,0.7907040119171143,0.9497,0.0709,0.0139,0.7779,0.7667355537414551
I04,CNN_GRU_ATTN_FT,63440,2385,30,753.3,30,0.0,0.7545,0.487949,0.264185,0.7822020053863525,0.8707,0.7662,0.476163,0.7502,0.492161,0.747,0.495306,0.7545,0.0276200007647275,0.7465999722480774,0.9507,0.0699,0.0147,0.7784,
I05,CNN_GRU_ATTN,63440,1737,0,741.09,30,0.0,0.7984,0.444361,0.217135,0.4843339920043945,0.8945,0.8034,0.438845,0.798,0.444825,0.7938,0.44935,0.7984,0.0129500003531575,0.7032219767570496,0.8311,0.132,0.0923,0.8018,0.7677292227745056
I05,CNN_GRU_ATTN_FT,63440,1737,30,741.09,30,0.0,0.7989,0.443747,0.213896,0.4753400087356567,0.8952,0.8039,0.43824,0.7986,0.444107,0.7943,0.448829,0.7989,0.0129960002377629,0.6783639788627625,0.8324,0.1304,0.0936,0.8027,
I06,CNN_GRU_ATTN,63440,2454,0,762.13,30,0.0,0.8783,0.344378,0.23643,0.707921028137207,0.9377,0.8856,0.33383,0.876,0.347653,0.8733,0.351403,0.8783,0.0117499995976686,0.244947001338005,0.9083,0.1125,0.0812,0.8846,0.7690189480781555
I06,CNN_GRU_ATTN_FT,63440,2454,30,762.13,30,0.0,0.8786,0.343956,0.235965,0.7076820135116577,0.9381,0.8859,0.333481,0.8762,0.347342,0.8737,0.350802,0.8786,0.0117440000176429,0.2379679977893829,0.9089,0.1122,0.0825,0.8852,
I07,CNN_GRU_ATTN,63440,2667,0,793.81,30,0.0,0.8616,0.366505,0.244406,0.7548840045928955,0.9285,0.8689,0.356659,0.8605,0.36784,0.8552,0.374786,0.8616,0.0119669996201992,0.2904349863529205,0.9132,0.1393,0.0905,0.8704,0.7678722739219666
I07,CNN_GRU_ATTN_FT,63440,2667,30,793.81,30,0.0,0.8621,0.36572,0.243875,0.7541379928588867,0.9288,0.8695,0.355763,0.8609,0.367301,0.8559,0.373868,0.8621,0.0119489999487996,0.2914020121097564,0.9134,0.1396,0.0912,0.8709,
I08,CNN_GRU_ATTN,63440,2091,0,699.13,30,0.0,0.1333,0.930881,0.670502,1.0980370044708252,0.5166,0.1249,0.935362,0.1649,0.913758,0.1101,0.943271,0.1333,0.0587430000305175,0.7834830284118652,0.8196,0.1815,0.0897,0.2649,0.7746407389640808
I08,CNN_GRU_ATTN_FT,63440,2091,30,699.13,30,0.0,0.1325,0.931305,0.669761,1.0950130224227903,0.518,0.1235,0.936139,0.1663,0.912981,0.1077,0.944509,0.1325,0.0587220005691051,0.7773380279541016,0.8228,0.1783,0.0914,0.2648,
I09,CNN_GRU_ATTN,63440,2950,0,690.81,30,0.0,0.8698,0.346219,0.209271,0.672228991985321,0.9329,0.8799,0.332585,0.8669,0.350055,0.8627,0.3556,0.8698,0.009863999672234,0.2489819973707199,0.9683,0.0769,0.0305,0.8845,0.7673456072807312
I09,CNN_GRU_ATTN_FT,63440,2950,30,690.81,30,0.0,0.8701,0.345846,0.208787,0.6709319949150085,0.933,0.8803,0.332063,0.8671,0.34979,0.863,0.35526,0.8701,0.009859999641776,0.2460529953241348,0.968,0.0772,0.0308,0.8848,
I10,CNN_GRU_ATTN,63440,3643,0,687.95,30,0.0,0.7267,0.504872,0.346102,1.033761978149414,0.856,0.7554,0.477609,0.7169,0.513869,0.7078,0.52203,0.7267,0.0142630003392696,0.4023819863796234,0.9227,0.1569,0.0484,0.7648,0.7716131806373596
I10,CNN_GRU_ATTN_FT,63440,3643,30,687.95,30,0.0,0.7275,0.504126,0.34529,1.032349944114685,0.8566,0.7567,0.476362,0.7172,0.5136,0.7087,0.521272,0.7275,0.0142569998279213,0.3992449939250946,0.9233,0.1564,0.0482,0.7656,
I11,CNN_GRU_ATTN,63440,2043,0,809.35,30,0.0,0.9474,0.221795,0.125683,0.3858689963817596,0.9734,0.9545,0.206321,0.9442,0.228553,0.9436,0.229726,0.9474,0.003701000008732,0.1528420001268386,0.9535,0.0716,0.0449,0.9479,0.767448365688324
I11,CNN_GRU_ATTN_FT,63440,2043,30,809.35,30,0.0,0.9481,0.2203,0.124423,0.3832949995994568,0.9737,0.9551,0.205028,0.9448,0.227159,0.9445,0.227945,0.9481,0.0036800000816583,0.140174999833107,0.9537,0.0709,0.0453,0.949,
I12,CNN_GRU_ATTN,63440,2770,0,747.87,30,0.0,-0.1192,1.057725,0.796366,1.244511961936951,0.4178,-0.1152,1.055814,-0.1124,1.054472,-0.1301,1.06287,-0.1192,0.1635349988937378,0.7953929901123047,0.5479,0.2752,0.0266,0.0319,0.7762453556060791
I12,CNN_GRU_ATTN_FT,63440,2770,30,747.87,30,0.0,-0.1172,1.05678,0.795437,1.2431319952011108,0.4217,-0.1125,1.054531,-0.1106,1.053639,-0.1286,1.062149,-0.1172,0.1634870022535324,0.7838500142097473,0.5521,0.2746,0.0268,0.0343,
I13,CNN_GRU_ATTN,63440,1984,0,708.22,30,0.0,0.7656,0.484122,0.275969,0.7077400088310242,0.8764,0.8049,0.441734,0.752,0.498007,0.74,0.509885,0.7656,0.0094569995999336,0.7329919934272766,0.8767,0.1181,0.0468,0.787,0.7678807377815247
I13,CNN_GRU_ATTN_FT,63440,1984,30,708.22,30,0.0,0.773,0.476435,0.270078,0.6931560039520264,0.8808,0.8138,0.431536,0.7585,0.49139,0.7467,0.503272,0.773,0.0092970002442598,0.7184240221977234,0.8811,0.1164,0.0457,0.7939,
I14,CNN_GRU_ATTN,63440,1827,0,850.56,30,0.0,0.7938,0.454096,0.251765,0.5076040029525757,0.8931,0.811,0.434751,0.7861,0.462455,0.7843,0.464473,0.7938,0.0116550000384449,0.5018270015716553,0.773,0.1905,0.1063,0.7986,0.768591582775116
I14,CNN_GRU_ATTN_FT,63440,1827,30,850.56,30,0.0,0.7945,0.453306,0.250866,0.5059530138969421,0.8938,0.8118,0.43385,0.7871,0.461441,0.7847,0.46401,0.7945,0.0115280002355575,0.4971530139446258,0.7736,0.1899,0.1072,0.7994,
I15,CNN_GRU_ATTN,63440,2596,0,775.66,30,0.0,0.7464,0.503527,0.333538,0.705489993095398,0.8652,0.7538,0.496121,0.7415,0.508433,0.744,0.505943,0.7464,0.0266210008412599,0.7739570140838623,0.9572,0.1086,0.0631,0.7711,0.7716994881629944
I15,CNN_GRU_ATTN_FT,63440,2596,30,775.66,30,0.0,0.7516,0.498422,0.327749,0.692779004573822,0.869,0.758,0.491944,0.7467,0.503268,0.75,0.499985,0.7516,0.0263320002704858,0.6904829740524292,0.9593,0.1039,0.0634,0.7766,
I16,CNN_GRU_ATTN,63440,1483,0,804.45,30,0.0,0.8517,0.385115,0.210371,0.5637779831886292,0.9245,0.8549,0.380879,0.8506,0.386527,0.8495,0.387904,0.8517,0.0148809999227523,0.3730120062828064,0.9588,0.0338,0.0137,0.8636,0.7659410238265991
I16,CNN_GRU_ATTN_FT,63440,1483,30,804.45,30,0.0,0.8516,0.385195,0.210218,0.5672129988670349,0.9245,0.855,0.380795,0.8503,0.386899,0.8496,0.387854,0.8516,0.0148999998345971,0.3455559909343719,0.9589,0.0333,0.0141,0.8643,
I17,CNN_GRU_ATTN,63440,1634,0,766.3,30,0.0,0.7917,0.456376,0.212871,0.5197950005531311,0.8942,0.7974,0.450112,0.7845,0.464252,0.7933,0.454649,0.7917,0.0227060001343488,0.3317649960517883,0.9936,0.0297,0.004,0.8199,0.7650367021560669
I17,CNN_GRU_ATTN_FT,63440,1634,30,766.3,30,0.0,0.7916,0.456535,0.212622,0.5184959769248962,0.895,0.7973,0.45022,0.7839,0.464808,0.7935,0.454453,0.7916,0.022699000313878,0.3165690004825592,0.9937,0.0294,0.0039,0.8202,
I18,CNN_GRU_ATTN,63440,3045,0,769.16,30,0.0,0.0954,0.950514,0.682335,1.163745999336243,0.4893,0.1213,0.936785,0.0769,0.960194,0.088,0.954408,0.0954,0.0648429989814758,0.9684029817581176,0.3806,0.3251,0.0893,0.1914,0.7712696194648743
I18,CNN_GRU_ATTN_FT,63440,3045,30,769.16,30,0.0,0.1018,0.947142,0.67999,1.161679983139038,0.4925,0.1284,0.933012,0.0823,0.957367,0.0947,0.950878,0.1018,0.0647360011935234,0.9610030055046082,0.3856,0.3239,0.0891,0.1972,
I19,CNN_GRU_ATTN,63440,2024,0,804.63,30,0.0,0.394,0.778011,0.531179,1.0136929750442505,0.6557,0.3394,0.812246,0.4905,0.713372,0.3519,0.804526,0.394,0.0122220003977417,0.8385679721832275,0.6723,0.2433,0.061,0.455,0.7701176404953003
I19,CNN_GRU_ATTN_FT,63440,2024,30,804.63,30,0.0,0.4108,0.767098,0.52328,1.006458044052124,0.6663,0.3669,0.795204,0.495,0.71019,0.3706,0.792842,0.4108,0.011927000246942,0.811024010181427,0.6769,0.2426,0.0605,0.4708,
I20,CNN_GRU_ATTN,63440,2613,0,761.76,30,0.0,0.2914,0.823578,0.541998,1.0127209424972534,0.6258,0.2982,0.819573,0.2887,0.825172,0.2873,0.825973,0.2914,0.0800009965896606,0.8989909887313843,0.8852,0.156,0.1003,0.3957,0.7736344337463379
I20,CNN_GRU_ATTN_FT,63440,2613,30,761.76,30,0.0,0.2917,0.823441,0.541585,1.0124289989471436,0.6266,0.2987,0.819329,0.2887,0.825178,0.2876,0.825801,0.2917,0.0799800008535385,0.8869820237159729,0.8861,0.1556,0.1006,0.3962,
I21,CNN_GRU_ATTN,63440,2145,0,820.26,30,0.0,0.5788,0.620952,0.394505,0.9572439789772034,0.7771,0.5846,0.616653,0.5797,0.620294,0.5721,0.625874,0.5788,0.0564499981701374,0.6561099886894226,0.8874,0.1289,0.0498,0.6308,0.7714051008224487
I21,CNN_GRU_ATTN_FT,63440,2145,30,820.26,30,0.0,0.5821,0.618566,0.391524,0.9519799947738647,0.7803,0.5881,0.614083,0.5825,0.618259,0.5756,0.623321,0.5821,0.0562609992921352,0.6096490025520325,0.8895,0.1274,0.0501,0.6346,
I22,CNN_GRU_ATTN,63440,3087,0,757.29,30,0.0,0.263,0.842481,0.584904,1.1276979446411133,0.6035,0.2768,0.834595,0.2576,0.845593,0.2547,0.847199,0.263,0.0865390002727508,0.9583820104599,0.4356,0.3539,0.0404,0.3284,0.7743358612060547
I22,CNN_GRU_ATTN_FT,63440,3087,30,757.29,30,0.0,0.2661,0.840703,0.58342,1.1248430013656616,0.6071,0.2792,0.833194,0.2617,0.843215,0.2575,0.845649,0.2661,0.0864010006189346,0.9228739738464355,0.4394,0.3524,0.0399,0.3317,
I23,CNN_GRU_ATTN,63440,2166,0,761.27,30,0.0,0.7443,0.505567,0.350363,1.0371530055999756,0.8663,0.7563,0.493567,0.7412,0.508605,0.7354,0.514301,0.7443,0.0263969991356134,0.6926720142364502,0.8785,0.132,0.0575,0.7642,0.7676555514335632
I23,CNN_GRU_ATTN_FT,63440,2166,30,761.27,30,0.0,0.7449,0.504948,0.349598,1.0351519584655762,0.8672,0.7573,0.492477,0.7414,0.508413,0.736,0.513711,0.7449,0.0264049991965293,0.6565170288085938,0.8796,0.1311,0.0577,0.7655,
I24,CNN_GRU_ATTN,63440,2532,0,804.62,30,0.0,0.7829,0.46597,0.297393,0.8935989737510681,0.8861,0.8032,0.443607,0.7759,0.473369,0.7695,0.480123,0.7829,0.0169520005583763,0.6584830284118652,0.9026,0.1402,0.097,0.8003,0.7675648331642151
I24,CNN_GRU_ATTN_FT,63440,2532,30,804.62,30,0.0,0.785,0.463716,0.296352,0.8954139947891235,0.8874,0.8056,0.440862,0.778,0.47118,0.7713,0.478255,0.785,0.0169099997729063,0.6352739930152893,0.9054,0.1385,0.0959,0.8027,
I25,CNN_GRU_ATTN,63440,1673,0,783.67,30,0.0,0.6747,0.542364,0.341638,0.8046429753303528,0.8289,0.6816,0.536565,0.6681,0.54782,0.6744,0.542648,0.6747,0.0355329997837543,0.3970459997653961,0.6158,0.3243,0.1294,0.6865,0.7721736431121826
I25,CNN_GRU_ATTN_FT,63440,1673,30,783.67,30,0.0,0.6771,0.540344,0.340373,0.8028870224952698,0.8302,0.6854,0.533405,0.6698,0.546453,0.6762,0.541093,0.6771,0.0354980006814003,0.3897300064563751,0.6183,0.3252,0.1304,0.6891,
I26,CNN_GRU_ATTN,63440,1470,0,789.94,30,0.0,0.6902,0.529029,0.298306,0.675171971321106,0.8414,0.6946,0.525321,0.6869,0.531902,0.6893,0.529842,0.6902,0.0436579994857311,0.3595240116119385,0.9234,0.0459,0.0205,0.73,0.7697622776031494
I26,CNN_GRU_ATTN_FT,63440,1470,30,789.94,30,0.0,0.6906,0.528718,0.297559,0.6721159815788269,0.8422,0.6952,0.524758,0.6868,0.531994,0.6898,0.529376,0.6906,0.0436259992420673,0.3636389970779419,0.924,0.0451,0.0206,0.7302,
I27,CNN_GRU_ATTN,63440,2566,0,793.55,30,0.0,0.2302,0.865418,0.545555,1.1445070505142212,0.5477,0.2663,0.844911,0.0686,0.951966,0.3558,0.791664,0.2302,0.0408289991319179,1.7928080558776855,0.5682,0.2753,0.0555,0.2998,0.7716678380966187
I27,CNN_GRU_ATTN_FT,63440,2566,30,793.55,30,0.0,0.2365,0.861864,0.542138,1.1366150379180908,0.5533,0.2716,0.841843,0.0749,0.948707,0.3631,0.7872,0.2365,0.0405119992792606,1.767514944076538,0.5829,0.2707,0.0581,0.3062,
I28,CNN_GRU_ATTN,63440,1678,0,720.93,30,0.0,0.8337,0.383341,0.210658,0.6399790048599243,0.9132,0.8374,0.378991,0.8286,0.389145,0.835,0.381816,0.8337,0.0151909999549388,0.513670027256012,0.8452,0.1652,0.1258,0.8342,0.766976535320282
I28,CNN_GRU_ATTN_FT,63440,1678,30,720.93,30,0.0,0.8377,0.378747,0.206972,0.636318027973175,0.9153,0.8434,0.371957,0.8319,0.385405,0.8377,0.378758,0.8377,0.014911999925971,0.5034080147743225,0.8487,0.1623,0.1233,0.8384,
I29,CNN_GRU_ATTN,63440,2581,0,722.31,30,0.0,-0.2477,1.115532,0.82242,1.2958550453186035,0.2887,-0.2166,1.101553,-0.2578,1.120072,-0.2686,1.124836,-0.2477,0.1152620017528534,1.1968790292739868,0.5485,0.2962,0.0611,-0.0689,0.7779145240783691
I29,CNN_GRU_ATTN_FT,63440,2581,30,722.31,30,0.0,-0.2447,1.114204,0.821063,1.295799970626831,0.289,-0.214,1.10037,-0.2546,1.118622,-0.2655,1.123486,-0.2447,0.1151830032467842,1.1872040033340454,0.5489,0.2953,0.0617,-0.0665,
I30,CNN_GRU_ATTN,63440,2423,0,781.81,30,0.0,-0.0895,1.040861,0.735437,1.240090012550354,0.368,-0.0485,1.021094,-0.1053,1.04835,-0.1148,1.052855,-0.0895,0.0936959981918335,1.3096120357513428,0.5733,0.2337,0.0511,0.0618,0.7743926048278809
I30,CNN_GRU_ATTN_FT,63440,2423,30,781.81,30,0.0,-0.0817,1.037121,0.732957,1.235970973968506,0.3724,-0.0393,1.016564,-0.1005,1.046094,-0.1054,1.048401,-0.0817,0.0934910029172897,1.3063169717788696,0.5879,0.2291,0.051,0.0695,
I31,CNN_GRU_ATTN,63440,3170,0,766.02,30,0.0,-0.2821,1.131772,0.857412,1.3558909893035889,0.218,-0.255,1.119752,-0.2577,1.120927,-0.3337,1.154298,-0.2821,0.0852029994130134,1.3101439476013184,0.1784,0.3878,0.0563,-0.1309,0.7774746417999268
I31,CNN_GRU_ATTN_FT,63440,3170,30,766.02,30,0.0,-0.2807,1.131133,0.8573,1.356600046157837,0.2169,-0.253,1.118824,-0.2575,1.120867,-0.3316,1.153377,-0.2807,0.0850770026445388,1.3202199935913086,0.1835,0.3871,0.0577,-0.1293,
I32,CNN_GRU_ATTN,63440,1580,0,720.15,30,0.0,0.7566,0.483806,0.279034,0.5952919721603394,0.8717,0.7459,0.494342,0.7714,0.468844,0.7525,0.48787,0.7566,0.0102319996803998,0.4430280029773712,0.8458,0.2089,0.0763,0.7728,0.7694368362426758
I32,CNN_GRU_ATTN_FT,63440,1580,30,720.15,30,0.0,0.768,0.472318,0.267345,0.5741339921951294,0.8783,0.7597,0.480713,0.7788,0.461241,0.7656,0.474787,0.768,0.0100819999352097,0.4238139986991882,0.8682,0.1887,0.0743,0.7849,
I33,CNN_GRU_ATTN,63440,1798,0,801.31,30,0.0,0.8176,0.417651,0.275561,0.6991360187530518,0.9054,0.8089,0.427514,0.8167,0.418657,0.8272,0.406516,0.8176,0.0122440000995993,0.3863230049610138,0.9065,0.1286,0.0386,0.8279,0.7666831016540527
I33,CNN_GRU_ATTN_FT,63440,1798,30,801.31,30,0.0,0.8191,0.41588,0.273852,0.6949999928474426,0.9065,0.81,0.426284,0.8179,0.41731,0.8296,0.403735,0.8191,0.0122039997950196,0.3672730028629303,0.9087,0.127,0.0387,0.8298,
I34,CNN_GRU_ATTN,63440,1926,0,761.22,30,0.0,0.8223,0.409837,0.257549,0.660938024520874,0.9077,0.812,0.421503,0.8151,0.418062,0.8398,0.389177,0.8223,0.0127870002761483,0.466156005859375,0.9497,0.0645,0.0145,0.833,0.7710552215576172
I34,CNN_GRU_ATTN_FT,63440,1926,30,761.22,30,0.0,0.8229,0.409148,0.25651,0.6606330275535583,0.9084,0.8127,0.420822,0.8154,0.417694,0.8406,0.388132,0.8229,0.0127360001206398,0.4386839866638183,0.9508,0.0619,0.0146,0.8342,
I35,CNN_GRU_ATTN,63440,3637,0,746.09,30,0.0,0.2995,0.833351,0.590705,1.099153995513916,0.6156,0.3367,0.810923,0.2903,0.838794,0.2715,0.849853,0.2995,0.0634429976344108,0.893310010433197,0.6587,0.2168,0.0782,0.3873,0.774082362651825
I35,CNN_GRU_ATTN_FT,63440,3637,30,746.09,30,0.0,0.3002,0.832953,0.590286,1.0992159843444824,0.615,0.3365,0.811009,0.2929,0.837237,0.271,0.850135,0.3002,0.0634550005197525,0.8976600170135498,0.6601,0.2138,0.0776,0.3878,
I36,CNN_GRU_ATTN,63440,3872,0,762.38,30,0.0,0.3302,0.812392,0.563215,1.0625269412994385,0.6267,0.3679,0.789224,0.3075,0.826079,0.3153,0.821376,0.3302,0.0398130007088184,0.8777040243148804,0.5644,0.3147,0.1087,0.4025,0.7729656100273132
I36,CNN_GRU_ATTN_FT,63440,3872,30,762.38,30,0.0,0.3315,0.811603,0.562557,1.0613789558410645,0.6285,0.3708,0.787414,0.3086,0.825423,0.3152,0.821435,0.3315,0.0397799983620643,0.8628630042076111,0.5688,0.3131,0.1103,0.4046,
I37,CNN_GRU_ATTN,63440,2422,0,813.4,30,0.0,0.7906,0.445438,0.221655,0.5042619705200195,0.8899,0.8268,0.405111,0.7772,0.459449,0.7678,0.469079,0.7906,0.0087839998304843,0.4554260075092315,0.91,0.0858,0.0598,0.8151,0.7679995894432068
I37,CNN_GRU_ATTN_FT,63440,2422,30,813.4,30,0.0,0.7937,0.442133,0.219648,0.5008230209350586,0.8916,0.8293,0.402194,0.7791,0.457445,0.7726,0.464144,0.7937,0.0087069999426603,0.4557650089263916,0.9113,0.0853,0.059,0.8174,
I38,CNN_GRU_ATTN,63440,2659,0,836.77,30,0.0,0.3541,0.803527,0.586675,1.0975430011749268,0.6462,0.3696,0.793799,0.3357,0.814869,0.3569,0.801771,0.3541,0.0733740031719207,0.88783198595047,0.5435,0.3486,0.0638,0.4127,0.7718750834465027
I38,CNN_GRU_ATTN_FT,63440,2659,30,836.77,30,0.0,0.3569,0.801771,0.585354,1.0959800481796265,0.6489,0.3728,0.791783,0.3385,0.813147,0.3593,0.80024,0.3569,0.073242999613285,0.8670110106468201,0.5468,0.3474,0.0639,0.4157,
I39,CNN_GRU_ATTN,63440,1736,0,738.49,30,0.0,0.6256,0.611728,0.380296,0.740477979183197,0.8051,0.6243,0.612802,0.6378,0.601694,0.6148,0.620541,0.6256,0.037526998668909,0.5283030271530151,0.5645,0.3029,0.0689,0.6387,0.7708951234817505
I39,CNN_GRU_ATTN_FT,63440,1736,30,738.49,30,0.0,0.6265,0.611009,0.379506,0.7396169900894165,0.805,0.6247,0.612522,0.6398,0.600037,0.6151,0.620297,0.6265,0.0375620014965534,0.5366399884223938,0.5648,0.3023,0.0683,0.6393,
I40,CNN_GRU_ATTN,63440,2627,0,691.98,30,0.0,0.7421,0.494502,0.320421,0.7704960107803345,0.8646,0.7416,0.494934,0.7519,0.484974,0.7327,0.503426,0.7421,0.0262369997799396,0.4287370145320892,0.9065,0.1394,0.0647,0.7689,0.7700943350791931
I40,CNN_GRU_ATTN_FT,63440,2627,30,691.98,30,0.0,0.7436,0.493092,0.318978,0.7682989835739136,0.8659,0.7441,0.492612,0.7526,0.484375,0.7341,0.50213,0.7436,0.0262039992958307,0.4080620110034942,0.908,0.1381,0.0642,0.7709,
I41,CNN_GRU_ATTN,63440,1591,0,705.32,30,0.0,0.9398,0.236275,0.126403,0.3503499925136566,0.9695,0.9406,0.234695,0.9382,0.239272,0.9405,0.234829,0.9398,0.0055829999037086,0.2789770066738128,0.9809,0.0502,0.0092,0.9388,0.7690047025680542
I41,CNN_GRU_ATTN_FT,63440,1591,30,705.32,30,0.0,0.941,0.233877,0.123471,0.3461030125617981,0.97,0.9415,0.232851,0.9397,0.236416,0.9418,0.232343,0.941,0.0054549998603761,0.2517510056495666,0.9813,0.0477,0.0083,0.9406,
I42,CNN_GRU_ATTN,63440,3070,0,766.74,30,0.0,0.3484,0.80668,0.582316,0.9782609939575196,0.6463,0.2918,0.840976,0.5111,0.698773,0.2423,0.86987,0.3484,0.0495060011744499,0.786549985408783,0.8876,0.1605,0.0416,0.4452,0.7684327363967896
I42,CNN_GRU_ATTN_FT,63440,3070,30,766.74,30,0.0,0.3527,0.804011,0.580384,0.9745320081710817,0.6491,0.2979,0.83732,0.5101,0.699431,0.25,0.865444,0.3527,0.049380000680685,0.7826319932937622,0.8954,0.1554,0.0426,0.4494,
I43,CNN_GRU_ATTN,63440,2170,0,773.3,30,0.0,0.5073,0.701404,0.50555,0.8864279985427856,0.731,0.4345,0.751437,0.6937,0.553046,0.3938,0.778065,0.5073,0.0178960002958774,0.7998610138893127,0.788,0.2037,0.0667,0.562,0.7702499628067017
I43,CNN_GRU_ATTN_FT,63440,2170,30,773.3,30,0.0,0.5236,0.689746,0.495053,0.8671140074729919,0.7431,0.4557,0.737248,0.6994,0.547898,0.4157,0.763886,0.5236,0.0174139998853206,0.8141720294952393,0.8028,0.1937,0.0677,0.5765,
I44,CNN_GRU_ATTN,63440,2456,0,725.46,30,0.0,0.6796,0.530462,0.318811,1.0074390172958374,0.8248,0.6628,0.544156,0.6421,0.56058,0.7337,0.483542,0.6796,0.0270479992032051,0.898734986782074,0.8651,0.1229,0.018,0.6972,0.7667641639709473
I44,CNN_GRU_ATTN_FT,63440,2456,30,725.46,30,0.0,0.6917,0.520305,0.313701,1.000417947769165,0.8323,0.6736,0.535347,0.6569,0.548881,0.7446,0.473586,0.6917,0.0260739997029304,0.8364899754524231,0.873,0.1192,0.0182,0.7086,
I45,CNN_GRU_ATTN,63440,1889,0,795.74,30,0.0,0.7719,0.444346,0.268956,0.893642008304596,0.8794,0.7559,0.459691,0.7479,0.467178,0.812,0.403434,0.7719,0.0180009994655847,0.6449379920959473,0.8679,0.1379,0.0253,0.7774,0.7698689699172974
I45,CNN_GRU_ATTN_FT,63440,1889,30,795.74,30,0.0,0.7768,0.439568,0.266819,0.8920959830284119,0.8822,0.7623,0.45359,0.7522,0.463152,0.8159,0.399259,0.7768,0.0175219997763633,0.6262170076370239,0.8794,0.1301,0.0274,0.7832,
I46,CNN_GRU_ATTN,63440,2619,0,801.12,30,0.0,0.3073,0.798554,0.527435,1.1797209978103638,0.6156,0.3204,0.790918,0.3069,0.798797,0.2946,0.805878,0.3073,0.0632020011544227,0.9912480115890504,0.8425,0.123,0.0402,0.4055,0.774717390537262
I46,CNN_GRU_ATTN_FT,63440,2619,30,801.12,30,0.0,0.3102,0.79689,0.526227,1.1775389909744265,0.6181,0.3258,0.787796,0.311,0.796408,0.2937,0.806359,0.3102,0.0630130022764206,0.978767991065979,0.8443,0.1225,0.04,0.4089,
I47,CNN_GRU_ATTN,63440,1914,0,750.98,30,0.0,0.6683,0.56065,0.349887,0.8302580118179321,0.827,0.6708,0.558471,0.6717,0.557742,0.6623,0.565702,0.6683,0.0345579981803894,0.478177011013031,0.9375,0.0868,0.0658,0.7115,0.7715543508529663
I47,CNN_GRU_ATTN_FT,63440,1914,30,750.98,30,0.0,0.6692,0.559871,0.349166,0.8299660086631775,0.8274,0.6705,0.558722,0.6718,0.557654,0.6652,0.563224,0.6692,0.0345380008220672,0.4763830006122589,0.9374,0.0868,0.0657,0.7119,
I48,CNN_GRU_ATTN,63440,2318,0,775.45,30,0.0,0.4863,0.701785,0.473032,1.0392409563064575,0.7288,0.4915,0.698267,0.4767,0.708281,0.4907,0.698763,0.4863,0.0598360002040863,0.5508009791374207,0.6105,0.3026,0.0549,0.5298,0.7691890001296997
I48,CNN_GRU_ATTN_FT,63440,2318,30,775.45,30,0.0,0.4888,0.70007,0.471865,1.0378999710083008,0.7309,0.493,0.697238,0.4799,0.706142,0.4936,0.696792,0.4888,0.0597519986331462,0.5411030054092407,0.6129,0.302,0.0546,0.5321,
I49,CNN_GRU_ATTN,63440,2108,0,803.93,30,0.0,0.8895,0.308197,0.207798,0.8100050091743469,0.9437,0.8951,0.300288,0.8884,0.309808,0.8851,0.314329,0.8895,0.0066289999522268,0.2695859968662262,0.9572,0.0658,0.0252,0.8977,0.767741322517395
I49,CNN_GRU_ATTN_FT,63440,2108,30,803.93,30,0.0,0.8906,0.306705,0.20659,0.811286985874176,0.9443,0.8965,0.298271,0.8895,0.308286,0.8858,0.313365,0.8906,0.0065720002166926,0.2590849995613098,0.9577,0.065,0.0255,0.899,
I50,CNN_GRU_ATTN,63440,2959,0,754.64,30,0.0,0.7305,0.486391,0.34444,0.998515009880066,0.8572,0.7449,0.473192,0.7256,0.490756,0.7209,0.494951,0.7305,0.0147430002689361,0.4589850008487701,0.87,0.0881,0.0222,0.758,0.7686301469802856
I50,CNN_GRU_ATTN_FT,63440,2959,30,754.64,30,0.0,0.7321,0.484904,0.342888,0.995464026927948,0.8584,0.7465,0.471738,0.7277,0.488878,0.7222,0.49382,0.7321,0.014674000442028,0.4549919962882995,0.8714,0.0869,0.0225,0.7596,
I51,CNN_GRU_ATTN,63440,2738,0,827.82,30,0.0,0.4622,0.729747,0.497686,0.9488570094108582,0.7099,0.4452,0.741206,0.5197,0.689642,0.4217,0.756704,0.4622,0.0425219982862472,0.7939630150794983,0.671,0.2714,0.0752,0.5142,0.7699984908103943
I51,CNN_GRU_ATTN_FT,63440,2738,30,827.82,30,0.0,0.4686,0.725365,0.493578,0.9415630102157592,0.7145,0.457,0.733233,0.522,0.687998,0.4269,0.753322,0.4686,0.0423340015113353,0.7778149843215942,0.6784,0.268,0.0771,0.5213,
I52,CNN_GRU_ATTN,63440,1708,0,741.67,30,0.0,0.929,0.264145,0.120448,0.3066639900207519,0.9643,0.9161,0.287244,0.9555,0.209229,0.9155,0.288152,0.929,0.004592000041157,0.2083999961614608,0.9339,0.031,0.0042,0.9272,0.766133725643158
I52,CNN_GRU_ATTN_FT,63440,1708,30,741.67,30,0.0,0.9291,0.26405,0.120054,0.3048659861087799,0.9643,0.9162,0.286956,0.9555,0.209206,0.9155,0.288194,0.9291,0.0045980000868439,0.2035800069570541,0.9339,0.0307,0.0039,0.9274,
I53,CNN_GRU_ATTN,63440,2223,0,746.45,30,0.0,0.3886,0.780818,0.53533,0.913636028766632,0.6813,0.371,0.791977,0.4819,0.718781,0.3129,0.827742,0.3886,0.0570800006389617,0.7409960031509399,0.6441,0.2572,0.0998,0.4562,0.771886944770813
I53,CNN_GRU_ATTN_FT,63440,2223,30,746.45,30,0.0,0.3874,0.781573,0.535843,0.9142979979515076,0.6793,0.3717,0.791568,0.4833,0.717806,0.3073,0.831111,0.3874,0.0570009984076023,0.7410179972648621,0.6417,0.2573,0.0991,0.4558,
I54,CNN_GRU_ATTN,63440,2324,0,772.21,30,0.0,0.6662,0.577717,0.326857,0.8051580190658569,0.8293,0.6744,0.570603,0.6634,0.580101,0.6608,0.582377,0.6662,0.0455529987812042,0.3560819923877716,0.9944,0.0273,0.0119,0.7189,0.7687424421310425
I54,CNN_GRU_ATTN_FT,63440,2324,30,772.21,30,0.0,0.667,0.577045,0.325897,0.8025540113449097,0.8302,0.6747,0.570356,0.6643,0.579332,0.662,0.581387,0.667,0.0455509983003139,0.3491699993610382,0.9944,0.0269,0.0119,0.7196,
I55,CNN_GRU_ATTN,63440,2127,0,798.17,30,0.0,0.8802,0.346146,0.184637,0.6733710169792175,0.9393,0.8823,0.343134,0.881,0.344934,0.8773,0.350331,0.8802,0.012249999679625,0.2365230023860931,0.8883,0.1702,0.0761,0.8834,0.7668278813362122
I55,CNN_GRU_ATTN_FT,63440,2127,30,798.17,30,0.0,0.8805,0.345652,0.184377,0.6750289797782898,0.9396,0.8828,0.342321,0.8811,0.344752,0.8776,0.34984,0.8805,0.0122400000691413,0.230565994977951,0.8891,0.1699,0.0761,0.884,
I56,CNN_GRU_ATTN,63440,1666,0,765.07,30,0.0,0.961,0.197582,0.082202,0.3951480090618133,0.9803,0.9622,0.194316,0.9615,0.196302,0.9592,0.202045,0.961,0.0017269999952986,0.2179879993200302,0.9883,0.0278,0.0084,0.9589,0.7678590416908264
I56,CNN_GRU_ATTN_FT,63440,1666,30,765.07,30,0.0,0.9617,0.195827,0.079734,0.3912220001220703,0.9806,0.9628,0.192851,0.9621,0.194645,0.96,0.199915,0.9617,0.0016710000345483,0.1912450045347213,0.9891,0.0268,0.0084,0.9604,
I57,CNN_GRU_ATTN,63440,2830,0,799.01,30,0.0,0.6839,0.548921,0.355561,0.824882984161377,0.8345,0.6983,0.53629,0.6777,0.554345,0.6758,0.555911,0.6839,0.0322009995579719,0.476608008146286,0.7983,0.178,0.0658,0.7122,0.7663446068763733
I57,CNN_GRU_ATTN_FT,63440,2830,30,799.01,30,0.0,0.6855,0.547561,0.354395,0.8224620223045349,0.8357,0.6995,0.535255,0.6797,0.552581,0.6773,0.554641,0.6855,0.0321689993143081,0.4654209911823272,0.7999,0.1768,0.0664,0.7139,
I58,CNN_GRU_ATTN,63440,2286,0,699.96,30,0.0,0.84,0.38739,0.226779,0.573544979095459,0.9172,0.8489,0.37643,0.8369,0.391143,0.8342,0.39436,0.84,0.0133459996432065,0.342613011598587,0.9695,0.0576,0.0249,0.8574,0.7670761346817017
I58,CNN_GRU_ATTN_FT,63440,2286,30,699.96,30,0.0,0.8411,0.385988,0.22578,0.5724310278892517,0.9179,0.8499,0.375232,0.8382,0.389561,0.8354,0.392942,0.8411,0.0132790002971887,0.3334270119667053,0.97,0.057,0.0242,0.8587,
I59,CNN_GRU_ATTN,63440,2109,0,655.61,30,0.0,0.615,0.607446,0.349485,0.7684680223464966,0.801,0.6166,0.6062,0.6231,0.601045,0.6053,0.615012,0.615,0.0483569987118244,0.4667080044746399,0.9893,0.0336,0.0048,0.6739,0.7699593305587769
I59,CNN_GRU_ATTN_FT,63440,2109,30,655.61,30,0.0,0.615,0.607426,0.34965,0.7685620188713074,0.8015,0.6165,0.606276,0.6229,0.601165,0.6057,0.614758,0.615,0.0483479984104633,0.4642780125141144,0.9892,0.0339,0.005,0.6739,
I60,CNN_GRU_ATTN,63440,2436,0,705.68,30,0.0,0.6972,0.537696,0.360063,0.8830400109291077,0.8414,0.7075,0.528511,0.6927,0.541712,0.6915,0.542747,0.6972,0.0340990014374256,0.4470260143280029,0.917,0.129,0.0496,0.7345,0.7704935669898987
I60,CNN_GRU_ATTN_FT,63440,2436,30,705.68,30,0.0,0.698,0.53704,0.359486,0.8824939727783203,0.8424,0.7081,0.527915,0.6937,0.540826,0.6921,0.542261,0.698,0.0340749993920326,0.4359369874000549,0.9175,0.1289,0.0496,0.7354,
I61,CNN_GRU_ATTN,63440,1415,0,789.28,30,0.0,0.9725,0.164154,0.09896,0.2965070009231567,0.9862,0.9732,0.162065,0.9716,0.166942,0.9728,0.163418,0.9725,0.0025440000463277,0.1166779994964599,0.9896,0.0422,0.0148,0.9717,0.7660442590713501
I61,CNN_GRU_ATTN_FT,63440,1415,30,789.28,30,0.0,0.9727,0.163683,0.097765,0.2920610010623932,0.9863,0.9732,0.162041,0.9718,0.166208,0.973,0.162771,0.9727,0.0025430000387132,0.1116669997572898,0.9896,0.0411,0.0148,0.972,
I62,CNN_GRU_ATTN,63440,2230,0,709.83,30,0.0,0.8158,0.429158,0.322188,0.5239250063896179,0.9125,0.8264,0.416638,0.7965,0.451072,0.8245,0.418898,0.8158,0.002377999946475,0.3928099870681762,0.9759,0.1176,0.0125,0.8367,0.7640315294265747
I62,CNN_GRU_ATTN_FT,63440,2230,30,709.83,30,0.0,0.8521,0.384569,0.273377,0.4378139972686767,0.929,0.8595,0.374896,0.841,0.398781,0.8559,0.379615,0.8521,0.0022289999760687,0.3548220098018646,0.9856,0.078,0.011,0.8678,
I63,CNN_GRU_ATTN,63440,1955,0,738.39,30,0.0,0.7593,0.490601,0.241808,0.5017759799957275,0.8818,0.7675,0.482187,0.7571,0.492864,0.7533,0.496638,0.7593,0.006632000207901,0.556988000869751,0.9071,0.1028,0.0557,0.7818,0.767667293548584
I63,CNN_GRU_ATTN_FT,63440,1955,30,738.39,30,0.0,0.7733,0.476089,0.225744,0.4664230048656463,0.8869,0.7847,0.463979,0.7683,0.481336,0.767,0.482721,0.7733,0.0065029999241232,0.4910320043563843,0.9141,0.0959,0.0577,0.7956,
I64,CNN_GRU_ATTN,63440,1874,0,764.15,30,0.0,0.896,0.322514,0.19131,0.3605780005455017,0.9483,0.8949,0.324176,0.9043,0.309322,0.8887,0.333579,0.896,0.0094269998371601,0.5011630058288574,0.9544,0.0977,0.1013,0.8956,0.7698009610176086
I64,CNN_GRU_ATTN_FT,63440,1874,30,764.15,30,0.0,0.9053,0.307742,0.167606,0.3201290071010589,0.952,0.9074,0.304297,0.9081,0.303224,0.9004,0.315554,0.9053,0.009375000372529,0.4257499873638153,0.9579,0.091,0.102,0.9054,
I65,CNN_GRU_ATTN,63440,2625,0,828.29,30,0.0,0.4647,0.72358,0.462328,0.9225239753723145,0.7115,0.5297,0.678253,0.4241,0.750526,0.4403,0.739856,0.4647,0.0453249998390674,0.8074449896812439,0.6789,0.2679,0.1039,0.5273,0.7720154523849487
I65,CNN_GRU_ATTN_FT,63440,2625,30,828.29,30,0.0,0.4666,0.722317,0.460905,0.9198920130729676,0.713,0.531,0.67729,0.4258,0.749421,0.4429,0.738154,0.4666,0.0453029982745647,0.7923809885978699,0.6795,0.2677,0.1045,0.529,
I66,CNN_GRU_ATTN,63440,2301,0,737.9,30,0.0,0.6001,0.621131,0.376737,0.7876409888267517,0.7905,0.6375,0.591398,0.5801,0.636488,0.5827,0.634461,0.6001,0.0328130014240741,0.6955850124359131,0.7446,0.2327,0.0911,0.6398,0.7679944634437561
I66,CNN_GRU_ATTN_FT,63440,2301,30,737.9,30,0.0,0.6026,0.619191,0.375482,0.7862849831581116,0.7912,0.641,0.588528,0.583,0.634237,0.5838,0.633695,0.6026,0.0327240005135536,0.6916369795799255,0.7447,0.2306,0.0896,0.6422,
I67,CNN_GRU_ATTN,63440,2936,0,742.7,30,0.0,0.2178,0.878362,0.604961,1.065276026725769,0.5738,0.2699,0.8486,0.1821,0.898186,0.2014,0.887523,0.2178,0.0742719992995262,0.916405975818634,0.5367,0.3126,0.0704,0.31,0.7739556431770325
I67,CNN_GRU_ATTN_FT,63440,2936,30,742.7,30,0.0,0.2195,0.87742,0.604384,1.064479947090149,0.5743,0.2716,0.84762,0.1836,0.897349,0.2032,0.886513,0.2195,0.0742190033197403,0.9225260019302368,0.5376,0.3124,0.07,0.3113,
I68,CNN_GRU_ATTN,63440,2605,0,803.41,30,0.0,0.6195,0.616594,0.365436,0.8011599779129028,0.7961,0.6349,0.60405,0.613,0.621872,0.6108,0.623669,0.6195,0.0277730002999305,0.686864972114563,0.8637,0.1295,0.0599,0.6635,0.7696915864944458
I68,CNN_GRU_ATTN_FT,63440,2605,30,803.41,30,0.0,0.6207,0.615649,0.363312,0.7968890070915222,0.7979,0.6361,0.603013,0.6148,0.62039,0.6112,0.623347,0.6207,0.0276670008897781,0.6331040263175964,0.8647,0.128,0.0602,0.6656,
I69,CNN_GRU_ATTN,63440,2130,0,828.77,30,0.0,0.7584,0.491546,0.203263,0.4039759933948517,0.8742,0.7615,0.48841,0.7584,0.491495,0.7553,0.494712,0.7584,0.0078159999102354,0.4701420068740845,0.87,0.1067,0.0668,0.7781,0.7672648429870605
I69,CNN_GRU_ATTN_FT,63440,2130,30,828.77,30,0.0,0.772,0.477457,0.189008,0.3755199909210205,0.8811,0.7776,0.471614,0.7706,0.478933,0.7679,0.481767,0.772,0.0074680000543594,0.4886519908905029,0.8808,0.1001,0.0667,0.7902,
I70,CNN_GRU_ATTN,63440,1627,0,741.62,30,0.0,0.9209,0.281177,0.155553,0.3962030112743377,0.9601,0.9217,0.27975,0.9209,0.28122,0.9202,0.282554,0.9209,0.007400999777019,0.3123809993267059,0.9497,0.078,0.0331,0.9196,0.7684285640716553
I70,CNN_GRU_ATTN_FT,63440,1627,30,741.62,30,0.0,0.9216,0.279977,0.154494,0.3940010070800781,0.9605,0.9222,0.278931,0.9218,0.27968,0.9209,0.281315,0.9216,0.0073850001208484,0.3014990091323852,0.9503,0.0775,0.0329,0.9205,
I71,CNN_GRU_ATTN,63440,1631,0,797.56,30,0.0,0.9521,0.218835,0.102682,0.2808240056037903,0.9758,0.954,0.214513,0.9528,0.217292,0.9496,0.224578,0.9521,0.0012440000427886,0.1473480015993118,0.9911,0.0249,0.011,0.9549,0.768440842628479
I71,CNN_GRU_ATTN_FT,63440,1631,30,797.56,30,0.0,0.9519,0.219337,0.10382,0.281152993440628,0.9758,0.954,0.214586,0.9524,0.218174,0.9493,0.225122,0.9519,0.0012750000460073,0.1692750006914138,0.9907,0.0265,0.0114,0.9539,
I72,CNN_GRU_ATTN,63440,2231,0,785.77,30,0.0,0.3951,0.777703,0.336146,0.7748180031776428,0.6671,0.5281,0.686903,0.3823,0.785888,0.2749,0.851477,0.3951,0.0083179995417594,0.8282020092010498,0.6935,0.1413,0.0761,0.4943,0.7690343856811523
I72,CNN_GRU_ATTN_FT,63440,2231,30,785.77,30,0.0,0.4079,0.769466,0.329682,0.7601180076599121,0.6738,0.5475,0.672648,0.3872,0.782779,0.2889,0.843229,0.4079,0.0081190001219511,0.8173660039901733,0.7043,0.1361,0.0758,0.5067,
I73,CNN_GRU_ATTN,63440,1953,0,788.98,30,0.0,0.8224,0.421377,0.200506,0.5985310077667236,0.908,0.8899,0.331807,0.8239,0.419615,0.7535,0.496491,0.8224,0.004131999798119,0.7556970119476318,0.8405,0.118,0.0726,0.8373,0.7674463987350464
I73,CNN_GRU_ATTN_FT,63440,1953,30,788.98,30,0.0,0.8437,0.395303,0.182407,0.5564349889755249,0.919,0.8995,0.317012,0.8385,0.401901,0.7932,0.454722,0.8437,0.0038590000476688,0.6224780082702637,0.8538,0.1119,0.0769,0.8544,
I74,CNN_GRU_ATTN,63440,2366,0,820.14,30,0.0,0.3003,0.834161,0.416124,1.0076229572296145,0.6136,-0.0596,1.026556,0.4852,0.715513,0.4754,0.722287,0.3003,0.0267089996486902,0.9639340043067932,0.7408,0.1823,0.0786,0.317,0.7697175145149231
I74,CNN_GRU_ATTN_FT,63440,2366,30,820.14,30,0.0,0.3722,0.790167,0.394009,0.982908010482788,0.6518,0.1431,0.923171,0.4929,0.71014,0.4806,0.718712,0.3722,0.0253299996256828,0.950776994228363,0.7938,0.1702,0.0828,0.4063,
I75,CNN_GRU_ATTN,63440,2064,0,839.28,30,0.0,-0.1885,1.085188,0.529802,1.106152057647705,0.328,-0.1981,1.089562,0.0283,0.981207,-0.3957,1.176003,-0.1885,0.0272889994084835,1.1846330165863037,0.2805,0.2663,0.0616,-0.0319,0.7688356637954712
I75,CNN_GRU_ATTN_FT,63440,2064,30,839.28,30,0.0,-0.0324,1.011391,0.491901,1.063938021659851,0.4033,-0.0573,1.023547,0.0743,0.957709,-0.1141,1.050657,-0.0324,0.0242630001157522,1.2411619424819946,0.3729,0.2546,0.0565,0.087,
