paciente_test,Modelo,Filtro,Lookback,n_pac_train,n_train,n_test,n_ft,t_fit_s,epochs_ran,R2,MSE,RMSE,MAE,DTW,Latencia_ms,R2_train
100,GRU_weighted,F_N+PB+MED,5,47,35250,2266,0,710.9,100,0.8202,0.179816,0.424047,0.316475,8.7983,0.224,0.8429
100,GRU_weighted_FT,F_N+PB+MED,5,47,35250,2221,45,710.9,100,0.8587,0.141321,0.375927,0.266831,7.3743,0.2161,
101,GRU_weighted,F_N+PB+MED,5,47,35250,1856,0,695.54,100,0.6587,0.341308,0.584215,0.437916,11.2486,0.178,0.8469
101,GRU_weighted_FT,F_N+PB+MED,5,47,35250,1811,45,695.54,100,0.7056,0.294379,0.542567,0.400224,10.2671,0.2495,
102,GRU_weighted,F_N+PB+MED,5,47,35250,2180,0,721.57,100,0.3803,0.619669,0.78719,0.542148,14.4994,0.2133,0.8428
102,GRU_weighted_FT,F_N+PB+MED,5,47,35250,2135,45,721.57,100,0.4969,0.503106,0.709299,0.482665,12.0217,0.236,
103,GRU_weighted,F_N+PB+MED,5,47,35250,2077,0,702.22,100,0.8965,0.103523,0.32175,0.222609,6.4435,0.2272,0.8484
103,GRU_weighted_FT,F_N+PB+MED,5,47,35250,2032,45,702.22,100,0.9134,0.086644,0.294354,0.192216,6.7339,0.3258,
104,GRU_weighted,F_N+PB+MED,5,47,35250,2204,0,714.94,100,0.4293,0.570739,0.755473,0.549038,13.1127,0.2336,0.8461
104,GRU_weighted_FT,F_N+PB+MED,5,47,35250,2159,45,714.94,100,0.4742,0.525755,0.72509,0.52603,12.517,0.226,
105,GRU_weighted,F_N+PB+MED,5,47,35250,2560,0,718.3,100,0.5946,0.405417,0.636723,0.438308,10.9057,0.1518,0.8465
105,GRU_weighted_FT,F_N+PB+MED,5,47,35250,2515,45,718.3,100,0.6149,0.38514,0.620597,0.418479,10.634,0.1994,
106,GRU_weighted,F_N+PB+MED,5,47,35250,2020,0,702.32,100,0.3777,0.622255,0.788831,0.54002,11.9628,0.2269,0.847
106,GRU_weighted_FT,F_N+PB+MED,5,47,35250,1975,45,702.32,100,0.3761,0.623913,0.789882,0.536967,13.4292,0.2333,
107,GRU_weighted,F_N+PB+MED,5,47,35250,2130,0,711.92,100,0.7547,0.245288,0.495266,0.339703,9.0092,0.316,0.8445
107,GRU_weighted_FT,F_N+PB+MED,5,47,35250,2085,45,711.92,100,0.7916,0.208422,0.456533,0.302916,8.8889,0.2184,
108,GRU_weighted,F_N+PB+MED,5,47,35250,1756,0,689.03,100,0.3527,0.647346,0.804578,0.548989,12.2897,0.2488,0.8438
108,GRU_weighted_FT,F_N+PB+MED,5,47,35250,1711,45,689.03,100,0.3665,0.633502,0.795928,0.540064,12.9827,0.332,
109,GRU_weighted,F_N+PB+MED,5,47,35250,2525,0,686.77,100,0.687,0.31303,0.55949,0.349743,10.5953,0.2722,0.8445
109,GRU_weighted_FT,F_N+PB+MED,5,47,35250,2480,45,686.77,100,0.7468,0.253235,0.503225,0.309238,9.1325,0.2158,
111,GRU_weighted,F_N+PB+MED,5,47,35250,2117,0,687.11,100,0.6625,0.337519,0.580964,0.427295,11.0876,0.2196,0.8407
111,GRU_weighted_FT,F_N+PB+MED,5,47,35250,2072,45,687.11,100,0.7209,0.279115,0.528314,0.381521,10.5403,0.2425,
112,GRU_weighted,F_N+PB+MED,5,47,35250,2532,0,700.53,100,0.8859,0.114101,0.337788,0.240952,7.0361,0.2024,0.8396
112,GRU_weighted_FT,F_N+PB+MED,5,47,35250,2487,45,700.53,100,0.9399,0.060081,0.245115,0.164837,5.5798,0.5498,
113,GRU_weighted,F_N+PB+MED,5,47,35250,1788,0,706.43,100,0.7499,0.250088,0.500088,0.306338,9.95,0.2423,0.8451
113,GRU_weighted_FT,F_N+PB+MED,5,47,35250,1743,45,706.43,100,0.7748,0.225154,0.474504,0.276385,9.9217,0.3926,
114,GRU_weighted,F_N+PB+MED,5,47,35250,1872,0,692.3,100,0.7167,0.283278,0.532239,0.363614,9.9149,0.3843,0.8467
114,GRU_weighted_FT,F_N+PB+MED,5,47,35250,1827,45,692.3,100,0.7252,0.274774,0.524189,0.351331,10.7535,0.2348,
115,GRU_weighted,F_N+PB+MED,5,47,35250,1946,0,691.11,100,0.712,0.288025,0.53668,0.398885,9.7262,0.237,0.8439
115,GRU_weighted_FT,F_N+PB+MED,5,47,35250,1901,45,691.11,100,0.7465,0.253464,0.503452,0.366066,9.2196,0.2397,
116,GRU_weighted,F_N+PB+MED,5,47,35250,2405,0,706.03,100,0.7091,0.290919,0.539369,0.368033,9.3386,0.2848,0.8485
116,GRU_weighted_FT,F_N+PB+MED,5,47,35250,2360,45,706.03,100,0.7265,0.273458,0.522932,0.339927,8.8847,0.1967,
117,GRU_weighted,F_N+PB+MED,5,47,35250,1528,0,750.9,100,0.8733,0.126737,0.356001,0.254396,7.5385,0.2995,0.8424
117,GRU_weighted_FT,F_N+PB+MED,5,47,35250,1483,45,750.9,100,0.9355,0.064529,0.254026,0.177979,5.3347,0.2957,
118,GRU_weighted,F_N+PB+MED,5,47,35250,2271,0,703.66,100,0.5188,0.481239,0.693714,0.448713,13.7374,0.2056,0.8458
118,GRU_weighted_FT,F_N+PB+MED,5,47,35250,2226,45,703.66,100,0.5957,0.404287,0.635836,0.403946,12.9007,0.2103,
119,GRU_weighted,F_N+PB+MED,5,47,35250,1980,0,683.43,100,0.1966,0.803382,0.896316,0.628514,13.9919,0.2371,0.8458
119,GRU_weighted_FT,F_N+PB+MED,5,47,35250,1935,45,683.43,100,0.2388,0.761219,0.872479,0.610754,13.7198,0.2256,
121,GRU_weighted,F_N+PB+MED,5,47,35250,1856,0,706.62,100,0.755,0.244967,0.494941,0.354163,9.4558,0.2474,0.8465
121,GRU_weighted_FT,F_N+PB+MED,5,47,35250,1811,45,706.62,100,0.8044,0.195575,0.442238,0.303364,8.4544,0.2514,
122,GRU_weighted,F_N+PB+MED,5,47,35250,2469,0,709.9,100,0.8628,0.137237,0.370455,0.262195,8.075,0.2845,0.8456
122,GRU_weighted_FT,F_N+PB+MED,5,47,35250,2424,45,709.9,100,0.8926,0.107376,0.327683,0.217499,7.1306,0.2057,
123,GRU_weighted,F_N+PB+MED,5,47,35250,1511,0,707.66,100,0.6263,0.373738,0.611341,0.411328,11.6011,0.3877,0.8461
123,GRU_weighted_FT,F_N+PB+MED,5,47,35250,1466,45,707.66,100,0.6503,0.349703,0.591357,0.394286,10.6012,0.2809,
124,GRU_weighted,F_N+PB+MED,5,47,35250,1612,0,713.34,100,0.7398,0.260193,0.510091,0.33139,9.8826,0.2818,0.8463
124,GRU_weighted_FT,F_N+PB+MED,5,47,35250,1567,45,713.34,100,0.7641,0.235913,0.485709,0.298987,10.1356,0.2768,
200,GRU_weighted,F_N+PB+MED,5,47,35250,2594,0,718.44,100,-0.1063,1.106317,1.051816,0.777084,13.3333,0.5217,0.8521
200,GRU_weighted_FT,F_N+PB+MED,5,47,35250,2549,45,718.44,100,-0.071,1.071046,1.034913,0.764976,14.2307,0.2014,
201,GRU_weighted,F_N+PB+MED,5,47,35250,1956,0,716.25,100,0.0558,0.944178,0.971688,0.709992,13.3135,0.228,0.8503
201,GRU_weighted_FT,F_N+PB+MED,5,47,35250,1911,45,716.25,100,0.0646,0.935382,0.967151,0.706554,14.217,0.2423,
202,GRU_weighted,F_N+PB+MED,5,47,35250,2129,0,702.66,100,0.4234,0.576554,0.759312,0.51351,12.319,0.2335,0.8466
202,GRU_weighted_FT,F_N+PB+MED,5,47,35250,2084,45,702.66,100,0.4313,0.568666,0.754099,0.504737,12.4335,0.2308,
203,GRU_weighted,F_N+PB+MED,5,47,35250,2969,0,722.87,100,-0.1428,1.142801,1.069019,0.769248,15.6393,0.1796,0.839
203,GRU_weighted_FT,F_N+PB+MED,5,47,35250,2924,45,722.87,100,-0.1308,1.130778,1.06338,0.765336,13.7286,0.2619,
205,GRU_weighted,F_N+PB+MED,5,47,35250,2649,0,698.23,100,0.6732,0.326781,0.571648,0.431759,10.5704,0.1858,0.8455
205,GRU_weighted_FT,F_N+PB+MED,5,47,35250,2604,45,698.23,100,0.7235,0.276473,0.525807,0.391619,10.364,0.1969,
207,GRU_weighted,F_N+PB+MED,5,47,35250,1853,0,697.85,100,0.7362,0.263785,0.5136,0.343414,10.2038,0.3339,0.8449
207,GRU_weighted_FT,F_N+PB+MED,5,47,35250,1808,45,697.85,100,0.7521,0.247888,0.497883,0.334255,8.5522,0.2614,
208,GRU_weighted,F_N+PB+MED,5,47,35250,2946,0,705.01,100,-0.106,1.105995,1.051663,0.758983,14.1372,0.1806,0.8454
208,GRU_weighted_FT,F_N+PB+MED,5,47,35250,2901,45,705.01,100,-0.0508,1.05079,1.025081,0.738135,14.2168,0.2576,
209,GRU_weighted,F_N+PB+MED,5,47,35250,2998,0,718.93,100,0.7083,0.291734,0.540124,0.37756,10.4621,0.2551,0.8432
209,GRU_weighted_FT,F_N+PB+MED,5,47,35250,2953,45,718.93,100,0.7268,0.273195,0.522681,0.355308,9.8685,0.1812,
210,GRU_weighted,F_N+PB+MED,5,47,35250,2643,0,702.56,100,0.3439,0.656068,0.80998,0.551135,12.7806,0.1884,0.848
210,GRU_weighted_FT,F_N+PB+MED,5,47,35250,2598,45,702.56,100,0.3708,0.629243,0.793248,0.536273,12.3961,0.1898,
212,GRU_weighted,F_N+PB+MED,5,47,35250,2741,0,713.29,100,0.8461,0.153865,0.392256,0.278745,7.678,0.1847,0.8451
212,GRU_weighted_FT,F_N+PB+MED,5,47,35250,2696,45,713.29,100,0.8619,0.138083,0.371595,0.259281,7.1703,0.2009,
213,GRU_weighted,F_N+PB+MED,5,47,35250,3244,0,701.54,100,0.6325,0.367499,0.606217,0.429961,11.3769,0.4073,0.8462
213,GRU_weighted_FT,F_N+PB+MED,5,47,35250,3199,45,701.54,100,0.67,0.329993,0.57445,0.391776,10.4074,0.1685,
214,GRU_weighted,F_N+PB+MED,5,47,35250,2253,0,694.67,100,0.4103,0.589672,0.767901,0.477232,11.6786,0.301,0.8461
214,GRU_weighted_FT,F_N+PB+MED,5,47,35250,2208,45,694.67,100,0.4383,0.561692,0.749461,0.459599,12.6626,0.1569,
215,GRU_weighted,F_N+PB+MED,5,47,35250,3356,0,705.74,100,0.7947,0.205262,0.453059,0.277041,8.0586,0.1698,0.8449
215,GRU_weighted_FT,F_N+PB+MED,5,47,35250,3311,45,705.74,100,0.8125,0.187486,0.432996,0.255241,8.0417,0.1656,
217,GRU_weighted,F_N+PB+MED,5,47,35250,2201,0,697.29,100,0.4717,0.528341,0.726871,0.438428,12.1113,0.2257,0.8411
217,GRU_weighted_FT,F_N+PB+MED,5,47,35250,2156,45,697.29,100,0.4721,0.527876,0.726551,0.427969,11.2114,0.2155,
219,GRU_weighted,F_N+PB+MED,5,47,35250,2147,0,700.04,100,0.3034,0.69665,0.834656,0.600836,13.7612,0.2225,0.8512
219,GRU_weighted_FT,F_N+PB+MED,5,47,35250,2102,45,700.04,100,0.3541,0.645879,0.803666,0.574298,12.7101,0.236,
220,GRU_weighted,F_N+PB+MED,5,47,35250,2041,0,708.21,100,0.7442,0.255821,0.505788,0.358629,9.7624,0.244,0.8428
220,GRU_weighted_FT,F_N+PB+MED,5,47,35250,1996,45,708.21,100,0.7645,0.235489,0.485272,0.33403,8.6106,0.2443,
221,GRU_weighted,F_N+PB+MED,5,47,35250,2420,0,694.28,100,0.0585,0.94154,0.97033,0.70028,14.1401,0.2054,0.8492
221,GRU_weighted_FT,F_N+PB+MED,5,47,35250,2375,45,694.28,100,0.0801,0.919941,0.959135,0.692592,13.5945,0.2202,
222,GRU_weighted,F_N+PB+MED,5,47,35250,2476,0,696.64,100,0.0294,0.97059,0.985185,0.777776,14.386,0.5497,0.8525
222,GRU_weighted_FT,F_N+PB+MED,5,47,35250,2431,45,696.64,100,0.055,0.944991,0.972106,0.767819,14.7971,0.2119,
223,GRU_weighted,F_N+PB+MED,5,47,35250,2598,0,702.26,100,0.5765,0.423537,0.650797,0.421396,11.4163,0.2073,0.8457
223,GRU_weighted_FT,F_N+PB+MED,5,47,35250,2553,45,702.26,100,0.5873,0.412732,0.642442,0.40859,10.7942,0.205,
228,GRU_weighted,F_N+PB+MED,5,47,35250,2046,0,698.13,100,0.47,0.530032,0.728033,0.52276,12.5722,0.2271,0.8491
228,GRU_weighted_FT,F_N+PB+MED,5,47,35250,2001,45,698.13,100,0.4933,0.506711,0.711836,0.508892,12.0581,0.3426,
230,GRU_weighted,F_N+PB+MED,5,47,35250,2249,0,698.49,100,0.6534,0.34659,0.588719,0.376259,9.1381,0.22,0.8455
230,GRU_weighted_FT,F_N+PB+MED,5,47,35250,2204,45,698.49,100,0.6622,0.337811,0.581216,0.369418,10.3341,0.2144,
231,GRU_weighted,F_N+PB+MED,5,47,35250,1564,0,690.03,100,0.7777,0.222264,0.471449,0.321732,9.8026,0.3104,0.843
231,GRU_weighted_FT,F_N+PB+MED,5,47,35250,1519,45,690.03,100,0.7903,0.209687,0.457916,0.305171,9.0821,0.2925,
232,GRU_weighted,F_N+PB+MED,5,47,35250,1773,0,682.76,100,0.1419,0.858106,0.92634,0.617375,14.6906,0.2646,0.8515
232,GRU_weighted_FT,F_N+PB+MED,5,47,35250,1728,45,682.76,100,0.179,0.821017,0.9061,0.603022,14.2595,0.1857,
233,GRU_weighted,F_N+PB+MED,5,47,35250,3072,0,663.17,100,0.1701,0.82991,0.910994,0.644971,13.732,0.2056,0.8457
233,GRU_weighted_FT,F_N+PB+MED,5,47,35250,3027,45,663.17,100,0.2282,0.771821,0.878534,0.620112,13.3128,0.1803,
234,GRU_weighted,F_N+PB+MED,5,47,35250,2746,0,688.09,100,0.8644,0.135639,0.368292,0.283104,8.1671,0.1899,0.8409
234,GRU_weighted_FT,F_N+PB+MED,5,47,35250,2701,45,688.09,100,0.9,0.099997,0.316223,0.232148,6.8321,0.4996,
