paciente,base,umbral,n,n_ectopicos,VP,FP,FN,VN,precision,exhaustividad,especificidad,f1,ap
102,MIT-BIH,0.4762149,309,12,12,4,0,293,0.75,1.0,0.9865319865319865,0.8571428571428571,1.0
104,MIT-BIH,0.4762149,495,6,4,274,2,215,0.014388489208633094,0.6666666666666666,0.4396728016359918,0.02816901408450704,0.2478230846144232
109,MIT-BIH,0.4762149,7569,120,108,77,12,7372,0.5837837837837838,0.9,0.989663042019063,0.7081967213114754,0.7066601830927405
114,MIT-BIH,0.4762149,5610,177,143,457,34,4976,0.23833333333333334,0.807909604519774,0.9158844100865083,0.3680823680823681,0.2856286604970277
117,MIT-BIH,0.4762149,4578,3,2,261,1,4314,0.0076045627376425855,0.6666666666666666,0.9429508196721311,0.015037593984962407,0.011181203459417676
121,MIT-BIH,0.4762149,5562,6,3,94,3,5462,0.030927835051546393,0.5,0.9830813534917207,0.05825242718446602,0.40529793060112373
123,MIT-BIH,0.4762149,4527,9,9,3,0,4515,0.75,1.0,0.99933598937583,0.8571428571428571,1.0000000000000002
124,MIT-BIH,0.4762149,4830,249,90,17,159,4564,0.8411214953271028,0.3614457831325301,0.9962890198646583,0.5056179775280899,0.5002863049326002
203,MIT-BIH,0.4266712,8901,1341,1267,3402,74,4158,0.27136431784107945,0.9448173005219985,0.55,0.421630615640599,0.7112925639660572
205,MIT-BIH,0.4762149,7941,255,178,96,77,7590,0.6496350364963503,0.6980392156862745,0.9875097580015613,0.6729678638941399,0.7173886007541647
208,MIT-BIH,0.4762149,8832,4085,2874,729,1211,4018,0.79766860949209,0.7035495716034271,0.8464293237834422,0.7476586888657649,0.8167740900411564
217,MIT-BIH,0.4762149,1218,486,348,167,138,565,0.6757281553398058,0.7160493827160493,0.7718579234972678,0.6953046953046952,0.7058900688299147
220,MIT-BIH,0.4762149,6117,282,71,7,211,5828,0.9102564102564102,0.25177304964539005,0.9988003427592117,0.39444444444444443,0.7676249421984548
221,MIT-BIH,0.53449535,7254,1182,449,333,733,5739,0.5741687979539642,0.37986463620981387,0.9451581027667985,0.45723014256619143,0.55593358382703
228,MIT-BIH,0.4762149,6132,1093,873,1061,220,3978,0.4513960703205791,0.7987191216834401,0.7894423496725541,0.5768087215064419,0.6692725330168336
234,MIT-BIH,0.4762149,8232,159,34,8,125,8065,0.8095238095238095,0.2138364779874214,0.9990090424873034,0.33830845771144286,0.43619196386488324
I03,INCART,0.4762149,7329,381,228,660,153,6288,0.25675675675675674,0.5984251968503937,0.9050086355785838,0.359338061465721,0.21243459735736456
I07,INCART,0.4762149,8091,198,29,352,169,7541,0.07611548556430446,0.14646464646464646,0.9554035221081971,0.1001727115716753,0.05502769183176471
I08,INCART,0.4762149,6363,1055,915,3540,140,1768,0.2053872053872054,0.8672985781990521,0.33308214016578747,0.33212341197822143,0.24597597182397224
I11,INCART,0.4762149,6219,12,7,25,5,6182,0.21875,0.5833333333333334,0.995972289350733,0.31818181818181823,0.38411484737644075
I12,INCART,0.4762149,8400,27,27,7434,0,939,0.0036188178528347406,1.0,0.1121461841633823,0.007211538461538462,0.01117298270662326
I20,INCART,0.4762149,7929,867,630,3343,237,3719,0.15857034986156557,0.726643598615917,0.5266213537241574,0.26033057851239666,0.20429199947426455
I21,INCART,0.4762149,6525,333,120,1523,213,4669,0.07303712720632989,0.36036036036036034,0.7540374677002584,0.12145748987854252,0.09911192941087875
I25,INCART,0.4762149,5109,19,15,1258,4,3832,0.01178318931657502,0.7894736842105263,0.7528487229862475,0.02321981424148607,0.013792949829115955
I26,INCART,0.4762149,4500,33,17,1045,16,3422,0.0160075329566855,0.5151515151515151,0.7660622341616298,0.03105022831050228,0.3352200951268481
I29,INCART,0.47624344,7833,2343,2278,4711,65,779,0.32594076405780514,0.9722577891591976,0.1418943533697632,0.4882126018002573,0.3593172212535206
I30,INCART,0.4762149,7359,2263,2189,3875,74,1221,0.3609828496042216,0.9673000441891295,0.23959968602825746,0.5257595772787319,0.43250735470857393
I31,INCART,0.4762149,9600,4082,3983,5349,99,169,0.4268109729961423,0.9757471827535522,0.03062703878216745,0.5938571641568511,0.4372470965040073
I32,INCART,0.4762149,4830,171,166,390,5,4269,0.29856115107913667,0.9707602339181286,0.9162910495814552,0.4566712517193947,0.7834794682925273
I34,INCART,0.4762149,5868,1608,188,196,1420,4064,0.4895833333333333,0.11691542288557213,0.9539906103286385,0.18875502008032127,0.5280073753740301
I35,INCART,0.4762149,11001,1417,1181,6245,236,3339,0.15903582009157016,0.8334509527170078,0.34839315525876463,0.26710392400768973,0.21223678710620497
I39,INCART,0.47624305,5298,939,864,1034,75,3325,0.45521601685985247,0.9201277955271565,0.7627896306492314,0.6090941135001762,0.39538100312773733
I40,INCART,0.4762149,7971,294,177,1143,117,6534,0.1340909090909091,0.6020408163265306,0.8511137162954279,0.21933085501858735,0.12372570654836082
I49,INCART,0.4762149,6414,81,81,7,0,6326,0.9204545454545454,1.0,0.9988946786672983,0.9585798816568047,0.9990678203133436
I50,INCART,0.4762149,8967,12,11,1238,1,7717,0.008807045636509208,0.9166666666666666,0.8617532104969291,0.017446471054718478,0.09880195563838684
I51,INCART,0.4762149,8304,2408,1309,2307,1099,3589,0.3620022123893805,0.5436046511627907,0.6087177747625508,0.43459495351925626,0.3903127191952036
I52,INCART,0.4762149,5214,411,53,28,358,4775,0.654320987654321,0.12895377128953772,0.9941703102227775,0.21544715447154475,0.5769124146797837
I53,INCART,0.4762149,6759,3319,1557,1621,1762,1819,0.48993077407174324,0.46911720397710155,0.5287790697674418,0.47929813760197015,0.5144670172804242
I58,INCART,0.4762149,6948,36,36,579,0,6333,0.05853658536585366,1.0,0.9162326388888888,0.11059907834101383,0.24893103235508812
I59,INCART,0.4762149,6417,243,165,1848,78,4326,0.08196721311475409,0.6790123456790124,0.7006802721088435,0.14627659574468085,0.2679379183973882
I61,INCART,0.4762149,4335,3,0,26,3,4306,0.0,0.0,0.9939981532779316,0.0,0.008197222064234606
I62,INCART,0.4762149,6780,2448,1247,308,1201,4024,0.8019292604501608,0.5093954248366013,0.9289012003693444,0.6230327254559082,0.7077261070549283
I67,INCART,0.4762149,8898,1605,1461,4733,144,2560,0.23587342589602842,0.9102803738317757,0.35102152749211574,0.3746634183869727,0.4306684288587136
I69,INCART,0.4762149,6480,506,504,98,2,5876,0.8372093023255814,0.9960474308300395,0.9835955808503515,0.9097472924187726,0.994836786784162
I71,INCART,0.4762149,4983,105,2,112,103,4766,0.017543859649122806,0.01904761904761905,0.977039770397704,0.0182648401826484,0.1711921124886541
I75,INCART,0.4266712,6282,1851,1780,1493,71,2938,0.5438435685915063,0.9616423554835224,0.663055743624464,0.6947697111631538,0.6577236540933878
