,,,R2_train,R2_train,R2,R2,MSE,MSE,RMSE,RMSE,MAE,MAE
,,,mean,std,mean,std,mean,std,mean,std,mean,std
Filtro,Lookback,Modelo,,,,,,,,,,
F_MED,3,DT,0.8653,0.0757,0.492,0.2836,0.572,0.5111,0.6962,0.2985,0.4043,0.1679
F_MED,3,LinReg,0.8819,0.078,-1.4735,10.0732,2.5946,11.0093,1.0324,1.2495,0.5134,0.2089
F_MED,3,MLP,0.7896,0.1147,0.6598,0.2042,0.3967,0.4011,0.5695,0.2719,0.3421,0.1477
F_MED,3,Persistencia,0.1683,0.5044,0.1776,0.5561,0.8948,0.7755,0.8636,0.3901,0.5421,0.2662
F_MED,3,RF,0.8714,0.0708,0.6633,0.1835,0.4092,0.4577,0.5751,0.2831,0.3424,0.153
F_MED,3,SVR_rbf,0.8745,0.1239,0.841,0.2126,0.2267,0.6714,0.2915,0.3805,0.1269,0.158
F_MED,5,DT,0.8665,0.0751,0.4837,0.2845,0.583,0.5236,0.7024,0.3025,0.4053,0.169
F_MED,5,LinReg,0.9433,0.0523,-6.0221,25.3193,6.4876,26.4194,1.6567,1.9552,0.8705,0.4857
F_MED,5,MLP,0.8053,0.1252,0.6309,0.2172,0.4169,0.385,0.5904,0.2642,0.3643,0.1468
F_MED,5,Persistencia,0.1683,0.5044,0.1772,0.5566,0.8949,0.7753,0.8637,0.39,0.5422,0.2661
F_MED,5,RF,0.8706,0.0733,0.6624,0.181,0.4136,0.4709,0.5775,0.2859,0.3453,0.1544
F_MED,5,SVR_rbf,0.8557,0.1282,0.7719,0.2314,0.28,0.7711,0.3525,0.3989,0.1774,0.1911
F_MED,10,DT,0.8686,0.0731,0.4797,0.311,0.6011,0.5764,0.7058,0.3244,0.4105,0.1786
F_MED,10,LinReg,0.9993,0.0036,-46.3323,308.0095,51.6848,337.9373,2.4293,6.8379,1.1387,1.5981
F_MED,10,MLP,0.7598,0.1839,0.5762,0.2527,0.4716,0.4355,0.6297,0.277,0.3999,0.1619
F_MED,10,Persistencia,0.1682,0.5048,0.1772,0.5562,0.8952,0.7755,0.8639,0.39,0.5423,0.2661
F_MED,10,RF,0.8677,0.0776,0.653,0.1841,0.4246,0.4798,0.5859,0.2881,0.3524,0.1577
F_MED,10,SVR_rbf,0.834,0.1285,0.6818,0.2327,0.3376,0.8613,0.4156,0.4103,0.2379,0.2283
F_N,3,DT,0.7784,0.1217,0.4293,0.2693,0.625,0.408,0.7538,0.2406,0.3973,0.1468
F_N,3,LinReg,0.8348,0.0995,-0.9968,7.8293,2.1393,8.5892,1.0449,1.0343,0.5022,0.1871
F_N,3,MLP,0.7287,0.14,0.5932,0.2108,0.4475,0.292,0.6338,0.2163,0.3474,0.1345
F_N,3,Persistencia,0.068,0.4873,0.0522,0.5195,1.0045,0.5843,0.9564,0.3028,0.5189,0.2272
F_N,3,RF,0.8226,0.0933,0.5949,0.1863,0.4534,0.3137,0.639,0.2146,0.3422,0.1313
F_N,3,SVR_rbf,0.9103,0.0937,0.8282,0.1869,0.1267,0.4016,0.2163,0.2858,0.1102,0.1212
F_N,5,DT,0.7807,0.1209,0.4344,0.2534,0.6288,0.414,0.7549,0.2454,0.4001,0.1487
F_N,5,LinReg,0.9238,0.0674,-7.5531,29.0841,8.2407,28.8453,1.8826,2.19,0.8951,0.6354
F_N,5,MLP,0.7281,0.1541,0.5731,0.2151,0.4672,0.2857,0.6503,0.2128,0.3693,0.1363
F_N,5,Persistencia,0.0681,0.4873,0.0518,0.5197,1.0046,0.5843,0.9565,0.3028,0.5189,0.2271
F_N,5,RF,0.8228,0.0954,0.593,0.1865,0.4576,0.3233,0.6411,0.2182,0.3449,0.1322
F_N,5,SVR_rbf,0.8819,0.1041,0.7066,0.2174,0.1703,0.4952,0.2787,0.3075,0.1593,0.1538
F_N,10,DT,0.7847,0.1242,0.4266,0.2579,0.6402,0.4241,0.7605,0.2513,0.4051,0.1532
F_N,10,LinReg,0.9992,0.0037,-58.5647,391.5891,65.0071,429.3329,2.6515,7.6948,1.0744,1.4325
F_N,10,MLP,0.703,0.1764,0.53,0.2344,0.5138,0.3246,0.6812,0.2257,0.3944,0.1451
F_N,10,Persistencia,0.068,0.4873,0.0518,0.5197,1.0048,0.5845,0.9565,0.3029,0.519,0.2272
F_N,10,RF,0.8229,0.0985,0.5915,0.1906,0.4607,0.3297,0.642,0.2226,0.3489,0.1353
F_N,10,SVR_rbf,0.8642,0.1101,0.6093,0.2142,0.2046,0.558,0.3216,0.3215,0.199,0.1833
F_N+MED,3,DT,0.8661,0.0739,0.5016,0.2727,0.5613,0.5161,0.6895,0.2963,0.3982,0.1674
F_N+MED,3,LinReg,0.8837,0.0778,-15.9104,109.4193,18.4116,120.0743,1.4715,4.0733,0.5642,0.4772
F_N+MED,3,MLP,0.785,0.1138,0.6565,0.2066,0.3959,0.3941,0.5707,0.2679,0.3447,0.1481
F_N+MED,3,Persistencia,0.1686,0.5043,0.1778,0.5561,0.8943,0.775,0.8633,0.39,0.5419,0.2661
F_N+MED,3,RF,0.8717,0.0711,0.6632,0.184,0.4094,0.4593,0.5753,0.283,0.3423,0.1524
F_N+MED,3,SVR_rbf,0.8746,0.1241,0.8413,0.2125,0.2267,0.6715,0.2914,0.3806,0.1266,0.1584
F_N+MED,5,DT,0.8669,0.0735,0.493,0.2869,0.583,0.5496,0.6971,0.3147,0.4021,0.1722
F_N+MED,5,LinReg,0.9445,0.0522,-46.8826,304.1292,51.1171,333.6553,2.418,6.7995,0.987,1.0006
F_N+MED,5,MLP,0.8059,0.12,0.6296,0.2221,0.4238,0.4162,0.5924,0.2728,0.3647,0.149
F_N+MED,5,Persistencia,0.1686,0.5044,0.1775,0.5566,0.8944,0.7748,0.8634,0.39,0.5419,0.266
F_N+MED,5,RF,0.8703,0.0739,0.6609,0.1829,0.4155,0.4746,0.5787,0.2868,0.3458,0.1549
F_N+MED,5,SVR_rbf,0.8557,0.1282,0.7719,0.2314,0.2801,0.7712,0.3525,0.3989,0.1775,0.1914
F_N+MED,10,DT,0.8691,0.074,0.4717,0.2878,0.611,0.5628,0.7151,0.319,0.411,0.1767
F_N+MED,10,LinReg,0.9993,0.0036,-956.3824,6612.1778,1050.3952,7256.401,6.136,32.1604,1.8062,5.9881
F_N+MED,10,MLP,0.7582,0.1789,0.5789,0.2499,0.467,0.4292,0.6276,0.2733,0.3998,0.1622
F_N+MED,10,Persistencia,0.1684,0.5047,0.1774,0.5562,0.8947,0.775,0.8636,0.3899,0.542,0.266
F_N+MED,10,RF,0.8673,0.0773,0.6517,0.186,0.4258,0.4811,0.5866,0.2888,0.3525,0.1574
F_N+MED,10,SVR_rbf,0.834,0.1285,0.6811,0.2329,0.3378,0.8614,0.4159,0.4103,0.238,0.2285
F_N+PB,3,DT,0.8007,0.1325,0.4174,0.3047,0.6023,0.3427,0.7425,0.2281,0.3452,0.1358
F_N+PB,3,LinReg,0.8394,0.1118,-14304713484.0169,94102387369.0727,14136735449.6952,92297640065.291,23706.2566,117743.6762,1289.5816,5954.8124
F_N+PB,3,MLP,0.7455,0.1601,0.5776,0.2566,0.4369,0.276,0.6263,0.2137,0.315,0.1273
F_N+PB,3,Persistencia,0.0298,0.565,-0.0029,0.565,1.0222,0.5907,0.9655,0.3032,0.4725,0.2136
F_N+PB,3,RF,0.8389,0.1079,0.6079,0.2166,0.4072,0.2413,0.6083,0.1946,0.299,0.1178
F_N+PB,3,SVR_rbf,0.9135,0.0889,0.732,0.2063,0.0252,0.0411,0.1259,0.0979,0.0716,0.0488
F_N+PB,5,DT,0.8035,0.1341,0.42,0.2939,0.5947,0.3138,0.7412,0.2152,0.3444,0.1284
F_N+PB,5,LinReg,0.9293,0.0698,-10210690084.0762,48453756527.877,10602428077.2485,49107232803.7539,28060.8427,100119.1657,2010.6476,7526.7006
F_N+PB,5,MLP,0.7618,0.1853,0.5488,0.2599,0.4672,0.2778,0.6493,0.2158,0.3268,0.1281
F_N+PB,5,Persistencia,0.0298,0.5649,-0.0033,0.5653,1.0224,0.5908,0.9656,0.3032,0.4726,0.2135
F_N+PB,5,RF,0.8411,0.1087,0.6086,0.2178,0.4053,0.2398,0.607,0.1942,0.2994,0.1176
F_N+PB,5,SVR_rbf,0.8769,0.0992,0.4252,0.3466,0.0487,0.0667,0.1836,0.1238,0.1154,0.0769
F_N+PB,10,DT,0.8099,0.1337,0.4182,0.3049,0.6093,0.3758,0.7428,0.2423,0.3453,0.1388
F_N+PB,10,LinReg,0.9994,0.0031,-7585053484.8376,52419598794.4609,7443248908.6728,51415622090.9307,13437.0941,86123.2768,1081.5362,6601.6723
F_N+PB,10,MLP,0.7534,0.1958,0.5256,0.2814,0.4899,0.2967,0.664,0.2238,0.3386,0.1282
F_N+PB,10,Persistencia,0.0297,0.5649,-0.0035,0.5654,1.0224,0.5909,0.9656,0.3032,0.4726,0.2135
F_N+PB,10,RF,0.8439,0.111,0.6093,0.2211,0.4063,0.247,0.6058,0.2005,0.301,0.1208
F_N+PB,10,SVR_rbf,0.8488,0.122,0.2401,0.3671,0.0633,0.0782,0.2143,0.1334,0.1383,0.087
F_N+PB+MED,3,DT,0.8727,0.0957,0.4814,0.3498,0.5636,0.5501,0.6852,0.31,0.3604,0.1611
F_N+PB+MED,3,LinReg,0.8827,0.0991,-437.5284,3028.19,493.9906,3411.4072,4.1437,22.0673,0.7046,1.4519
F_N+PB+MED,3,MLP,0.8113,0.1344,0.6375,0.2567,0.4048,0.4544,0.5718,0.282,0.3193,0.145
F_N+PB+MED,3,Persistencia,0.0934,0.6696,0.0671,0.6707,0.9764,0.8819,0.8989,0.4148,0.515,0.2625
F_N+PB+MED,3,RF,0.8805,0.0856,0.6673,0.2243,0.3652,0.3646,0.5504,0.2521,0.3101,0.1385
F_N+PB+MED,3,SVR_rbf,0.8983,0.1396,0.8023,0.2124,0.0835,0.2798,0.1909,0.2192,0.0876,0.0697
F_N+PB+MED,5,DT,0.8744,0.0944,0.501,0.3198,0.5457,0.5215,0.6772,0.2981,0.3565,0.1588
F_N+PB+MED,5,LinReg,0.9441,0.0626,-1590.6408,10982.3584,1791.7415,12370.0066,7.7675,42.0505,1.362,3.448
F_N+PB+MED,5,MLP,0.8157,0.1517,0.6038,0.2846,0.4517,0.553,0.5987,0.3085,0.3396,0.15
F_N+PB+MED,5,Persistencia,0.0934,0.6696,0.0666,0.6713,0.9767,0.8824,0.899,0.4149,0.515,0.2625
F_N+PB+MED,5,RF,0.8799,0.0876,0.666,0.224,0.3665,0.3622,0.5516,0.252,0.3129,0.1398
F_N+PB+MED,5,SVR_rbf,0.8678,0.1451,0.6178,0.2996,0.12,0.292,0.2606,0.2307,0.1413,0.0985
F_N+PB+MED,10,DT,0.8762,0.0941,0.4691,0.3572,0.6107,0.7374,0.7007,0.3495,0.3661,0.1685
F_N+PB+MED,10,LinReg,0.9993,0.0035,-28434.8768,196976.2888,32034.9303,221909.4176,27.5383,178.7233,4.1113,21.4984
F_N+PB+MED,10,MLP,0.7818,0.1862,0.5741,0.2796,0.4649,0.4985,0.6199,0.2869,0.3644,0.1513
F_N+PB+MED,10,Persistencia,0.0932,0.6701,0.0663,0.6711,0.9769,0.8826,0.8991,0.4148,0.5151,0.2626
F_N+PB+MED,10,RF,0.8778,0.0908,0.6601,0.2261,0.3746,0.3788,0.557,0.2565,0.3173,0.1416
F_N+PB+MED,10,SVR_rbf,0.8334,0.146,0.4723,0.2913,0.1558,0.3126,0.3114,0.2451,0.1864,0.1267
F_PB,3,DT,0.7999,0.133,0.4333,0.2968,0.5805,0.3177,0.7309,0.2174,0.34,0.1299
F_PB,3,LinReg,0.839,0.1123,-14991197355.0145,98529340162.6092,14820356792.2693,96639487603.976,24315.5348,120548.1589,1306.0099,6039.0335
F_PB,3,MLP,0.743,0.1664,0.5799,0.2601,0.4332,0.277,0.6231,0.2141,0.3133,0.1275
F_PB,3,Persistencia,0.0297,0.5649,-0.003,0.565,1.0222,0.5907,0.9655,0.3031,0.4725,0.2136
F_PB,3,RF,0.8388,0.1075,0.6074,0.2175,0.4079,0.2429,0.6086,0.1957,0.2994,0.1186
F_PB,3,SVR_rbf,0.9135,0.0889,0.7322,0.2054,0.0252,0.0411,0.1259,0.0979,0.0716,0.0488
F_PB,5,DT,0.8038,0.1331,0.4184,0.303,0.5953,0.3237,0.74,0.2206,0.3436,0.1315
F_PB,5,LinReg,0.9289,0.0704,-6953876940.2923,29215117519.2369,7363125326.1222,31030199938.5728,24695.3421,83047.8892,1748.7014,6127.6912
F_PB,5,MLP,0.7651,0.1827,0.5441,0.2634,0.4731,0.2839,0.6531,0.218,0.3274,0.1289
F_PB,5,Persistencia,0.0297,0.5649,-0.0033,0.5653,1.0224,0.5908,0.9656,0.3032,0.4726,0.2135
F_PB,5,RF,0.8409,0.1089,0.6087,0.2184,0.4058,0.2415,0.607,0.1954,0.2995,0.1187
F_PB,5,SVR_rbf,0.8769,0.0992,0.4252,0.3465,0.0487,0.0667,0.1836,0.1238,0.1154,0.0769
F_PB,10,DT,0.8098,0.1335,0.417,0.3037,0.611,0.3711,0.7445,0.2407,0.3466,0.1389
F_PB,10,LinReg,0.9993,0.0032,-8194473246.9717,56668830481.0834,8040318619.4518,55582522196.2627,13837.5742,89531.2055,1093.6208,6786.5163
F_PB,10,MLP,0.756,0.1944,0.5267,0.2791,0.4885,0.2931,0.6635,0.222,0.3375,0.1286
F_PB,10,Persistencia,0.0296,0.5649,-0.0036,0.5654,1.0225,0.5909,0.9656,0.3032,0.4726,0.2135
F_PB,10,RF,0.844,0.1112,0.6089,0.2216,0.4068,0.2477,0.6061,0.2008,0.301,0.1209
F_PB,10,SVR_rbf,0.8488,0.122,0.2399,0.3673,0.0633,0.0782,0.2143,0.1334,0.1383,0.087
F_SIN,3,DT,0.7783,0.1203,0.4404,0.2411,0.6178,0.3918,0.7504,0.2363,0.395,0.1434
F_SIN,3,LinReg,0.8339,0.0996,-1.2099,9.3599,2.3767,10.2649,1.0566,1.1345,0.5038,0.1917
F_SIN,3,MLP,0.7259,0.1393,0.5902,0.2113,0.4521,0.2954,0.6371,0.2174,0.3499,0.1363
F_SIN,3,Persistencia,0.0672,0.487,0.0514,0.5192,1.0052,0.5839,0.9569,0.3025,0.5197,0.2271
F_SIN,3,RF,0.8216,0.0929,0.5947,0.1866,0.4538,0.3144,0.6391,0.2151,0.3435,0.1322
F_SIN,3,SVR_rbf,0.9092,0.0933,0.8241,0.1869,0.1275,0.4017,0.2187,0.2852,0.1129,0.1215
F_SIN,5,DT,0.7805,0.1226,0.4439,0.2387,0.6183,0.3892,0.7499,0.239,0.3974,0.1457
F_SIN,5,LinReg,0.9233,0.0678,-4.9247,16.739,5.8277,16.7637,1.7562,1.6738,0.8782,0.5732
F_SIN,5,MLP,0.7274,0.1531,0.5736,0.2157,0.4642,0.2799,0.6489,0.2099,0.3685,0.1346
F_SIN,5,Persistencia,0.0672,0.487,0.0511,0.5194,1.0053,0.5838,0.9569,0.3025,0.5198,0.227
F_SIN,5,RF,0.8222,0.0949,0.5923,0.187,0.4572,0.32,0.6411,0.2171,0.3456,0.1325
F_SIN,5,SVR_rbf,0.8811,0.1036,0.7032,0.2164,0.1709,0.495,0.2803,0.307,0.161,0.1537
F_SIN,10,DT,0.7844,0.1233,0.4197,0.2593,0.6415,0.4144,0.7632,0.2456,0.4041,0.15
F_SIN,10,LinReg,0.9992,0.0038,-37.9092,248.3633,42.359,272.2397,2.4316,6.101,1.0501,1.1793
F_SIN,10,MLP,0.6995,0.1785,0.5314,0.2305,0.5127,0.3227,0.6808,0.2242,0.3946,0.1444
F_SIN,10,Persistencia,0.0672,0.487,0.051,0.5195,1.0054,0.5841,0.957,0.3026,0.5198,0.227
F_SIN,10,RF,0.823,0.0979,0.5903,0.1916,0.4622,0.3311,0.6429,0.2235,0.3499,0.1361
F_SIN,10,SVR_rbf,0.8637,0.1097,0.6064,0.2136,0.2049,0.5575,0.3226,0.3209,0.2001,0.1831
