Filtro,Modelo,Paciente,n_ventanas_train,n_ventanas_test,R2,MSE,RMSE,MAE,DTW
F_N+PB+MED,GRU,100,59,15,0.63,0.036551,0.191184,0.148467,4.0106
F_N+PB+MED,GRU,101,52,14,0.3279,0.109661,0.331151,0.243778,5.4375
F_N+PB+MED,GRU,102,54,14,0.7879,0.05515,0.23484,0.199883,4.9665
F_N+PB+MED,GRU,103,53,14,0.8898,0.029337,0.171281,0.136041,3.6969
F_N+PB+MED,GRU,104,54,14,0.6029,0.230853,0.480471,0.359274,9.1701
F_N+PB+MED,GRU,105,68,18,0.0909,4.939149,2.22242,1.52517,40.0968
F_N+PB+MED,GRU,106,63,16,0.3391,0.638224,0.798889,0.53285,12.9984
F_N+PB+MED,GRU,107,52,14,0.6535,3.663242,1.91396,1.269575,34.5174
F_N+PB+MED,GRU,108,52,13,0.31,0.10789,0.328466,0.255517,5.5299
F_N+PB+MED,GRU,109,67,17,0.8862,0.197665,0.444595,0.282904,9.0002
F_N+PB+MED,GRU,111,56,14,0.5177,0.126245,0.355309,0.247395,6.7032
F_N+PB+MED,GRU,112,66,17,0.7975,0.049374,0.222203,0.174036,4.9253
F_N+PB+MED,GRU,113,46,12,0.7007,0.37882,0.615484,0.384437,11.5612
F_N+PB+MED,GRU,114,54,14,0.2581,0.082299,0.286878,0.230476,5.1495
F_N+PB+MED,GRU,115,52,13,0.2032,0.150881,0.388434,0.273745,5.9146
F_N+PB+MED,GRU,116,62,16,0.6759,0.050779,0.225341,0.17718,4.5431
F_N+PB+MED,GRU,117,40,10,0.7292,0.138432,0.372065,0.260288,7.8469
F_N+PB+MED,GRU,118,64,17,0.6752,0.195298,0.441925,0.275645,8.6643
F_N+PB+MED,GRU,119,52,14,0.4595,2.545645,1.595508,0.892343,29.1213
F_N+PB+MED,GRU,121,57,15,0.1575,0.279557,0.528731,0.373811,8.2246
F_N+PB+MED,GRU,122,67,17,0.7709,0.061232,0.24745,0.184697,5.0527
F_N+PB+MED,GRU,123,38,10,0.5492,0.084327,0.29039,0.21153,5.4712
F_N+PB+MED,GRU,124,44,12,0.6252,0.20684,0.454796,0.280708,7.9508
F_N+PB+MED,GRU,200,74,19,0.5023,0.073555,0.27121,0.20425,4.9338
F_N+PB+MED,GRU,201,70,18,-0.1237,0.069305,0.263259,0.203424,3.4629
F_N+PB+MED,GRU,202,92,24,0.8148,0.065313,0.255565,0.179645,5.33
F_N+PB+MED,GRU,203,88,23,0.0448,2.380126,1.542766,0.954452,25.0742
F_N+PB+MED,GRU,205,77,20,0.0073,0.168114,0.410017,0.166837,6.7616
F_N+PB+MED,GRU,207,86,22,0.8742,0.172842,0.415743,0.309851,8.832
F_N+PB+MED,GRU,208,84,21,-0.0233,1.2748,1.12907,0.695595,22.0908
F_N+PB+MED,GRU,209,108,27,0.5562,0.038042,0.195043,0.157235,3.5766
F_N+PB+MED,GRU,210,68,17,0.1088,0.188435,0.434091,0.276034,6.46
F_N+PB+MED,GRU,212,72,18,0.9003,0.085814,0.292941,0.221313,5.7696
F_N+PB+MED,GRU,213,83,21,0.9549,0.094943,0.308129,0.2373,6.7794
F_N+PB+MED,GRU,214,59,15,0.7318,0.225346,0.474707,0.382568,9.9894
F_N+PB+MED,GRU,215,87,22,0.5893,0.135053,0.367496,0.233619,7.0522
F_N+PB+MED,GRU,217,60,16,0.048,4.096686,2.024027,1.356026,36.668
F_N+PB+MED,GRU,219,59,15,0.3385,0.913333,0.955685,0.525139,19.2127
F_N+PB+MED,GRU,220,55,14,-0.2484,0.268112,0.517796,0.384274,6.7679
F_N+PB+MED,GRU,221,65,17,0.3471,0.440002,0.663326,0.396146,12.3157
F_N+PB+MED,GRU,222,78,20,-0.1458,0.126374,0.355491,0.272451,4.9009
F_N+PB+MED,GRU,223,78,20,-0.1383,3.207787,1.79103,1.397297,27.9296
F_N+PB+MED,GRU,228,52,14,0.1704,0.875198,0.93552,0.708688,15.6289
F_N+PB+MED,GRU,230,64,16,0.4425,0.184901,0.430001,0.29647,6.4683
F_N+PB+MED,GRU,231,46,12,0.8612,0.06628,0.257449,0.200738,5.9199
F_N+PB+MED,GRU,232,53,14,0.2583,0.200769,0.448072,0.345914,6.7864
F_N+PB+MED,GRU,233,80,20,0.1646,1.168944,1.081177,0.563366,18.312
F_N+PB+MED,GRU,234,76,20,0.6111,0.069207,0.263073,0.210293,5.6287
F_N+PB+MED,LSTM,100,59,15,0.7209,0.027569,0.16604,0.131213,3.4034
F_N+PB+MED,LSTM,101,52,14,0.3917,0.099249,0.315039,0.235476,5.1253
F_N+PB+MED,LSTM,102,54,14,0.7343,0.069093,0.262855,0.200885,5.5757
F_N+PB+MED,LSTM,103,53,14,0.8367,0.043475,0.208506,0.170545,4.5075
F_N+PB+MED,LSTM,104,54,14,0.5613,0.254997,0.504972,0.37557,9.9161
F_N+PB+MED,LSTM,105,68,18,0.0789,5.004503,2.237075,1.555488,45.0185
F_N+PB+MED,LSTM,106,63,16,0.1862,0.785884,0.886501,0.64894,14.2892
F_N+PB+MED,LSTM,107,52,14,0.5769,4.473392,2.115039,1.323326,34.0312
F_N+PB+MED,LSTM,108,52,13,0.3478,0.101969,0.319326,0.243706,5.462
F_N+PB+MED,LSTM,109,67,17,0.8948,0.182682,0.427413,0.266492,8.8363
F_N+PB+MED,LSTM,111,56,14,0.4727,0.138045,0.371544,0.268211,6.7606
F_N+PB+MED,LSTM,112,66,17,0.8829,0.028554,0.168979,0.129634,3.4782
F_N+PB+MED,LSTM,113,46,12,0.7124,0.363988,0.603314,0.37619,11.4083
F_N+PB+MED,LSTM,114,54,14,0.2182,0.086723,0.294488,0.233645,5.0056
F_N+PB+MED,LSTM,115,52,13,0.2949,0.13352,0.365404,0.272021,6.0403
F_N+PB+MED,LSTM,116,62,16,0.7438,0.040147,0.200367,0.162139,3.9929
F_N+PB+MED,LSTM,117,40,10,0.6354,0.186399,0.431739,0.299436,9.2303
F_N+PB+MED,LSTM,118,64,17,0.7142,0.171806,0.414495,0.258767,8.296
F_N+PB+MED,LSTM,119,52,14,0.3495,3.063382,1.750252,1.010762,32.017
F_N+PB+MED,LSTM,121,57,15,0.1842,0.270678,0.520267,0.379568,8.9187
F_N+PB+MED,LSTM,122,67,17,0.7713,0.061129,0.247242,0.183543,5.2023
F_N+PB+MED,LSTM,123,38,10,0.538,0.086429,0.293988,0.216235,5.5926
F_N+PB+MED,LSTM,124,44,12,0.5994,0.22107,0.47018,0.275429,8.4116
F_N+PB+MED,LSTM,200,74,19,0.5195,0.07102,0.266497,0.197936,5.2155
F_N+PB+MED,LSTM,201,70,18,-0.0904,0.067256,0.259338,0.194149,3.6084
F_N+PB+MED,LSTM,202,92,24,0.7522,0.087351,0.295553,0.214324,5.5901
F_N+PB+MED,LSTM,203,88,23,0.1302,2.167469,1.472233,0.922551,26.1589
F_N+PB+MED,LSTM,205,77,20,-0.0337,0.175062,0.418404,0.175206,7.2202
F_N+PB+MED,LSTM,207,86,22,0.8853,0.157519,0.396887,0.287972,8.4749
F_N+PB+MED,LSTM,208,84,21,0.0072,1.236824,1.112126,0.661293,23.3726
F_N+PB+MED,LSTM,209,108,27,0.5118,0.041847,0.204565,0.16536,3.6201
F_N+PB+MED,LSTM,210,68,17,0.1696,0.175579,0.419022,0.268926,6.4063
F_N+PB+MED,LSTM,212,72,18,0.9185,0.070104,0.264771,0.203202,5.2751
F_N+PB+MED,LSTM,213,83,21,0.9675,0.06834,0.261419,0.192698,5.5851
F_N+PB+MED,LSTM,214,59,15,0.5702,0.361111,0.600925,0.479542,12.3383
F_N+PB+MED,LSTM,215,87,22,0.553,0.147,0.383406,0.254172,7.5464
F_N+PB+MED,LSTM,217,60,16,0.0329,4.161978,2.040093,1.376513,36.507
F_N+PB+MED,LSTM,219,59,15,0.3645,0.877371,0.936681,0.512966,18.7635
F_N+PB+MED,LSTM,220,55,14,-0.0539,0.226335,0.475747,0.376835,6.9857
F_N+PB+MED,LSTM,221,65,17,0.2577,0.500262,0.707292,0.401696,12.4779
F_N+PB+MED,LSTM,222,78,20,-0.0083,0.111202,0.33347,0.261657,5.2767
F_N+PB+MED,LSTM,223,78,20,-0.1465,3.230859,1.797459,1.43262,31.3549
F_N+PB+MED,LSTM,228,52,14,0.0457,1.006836,1.003412,0.758816,16.7405
F_N+PB+MED,LSTM,230,64,16,0.4062,0.196915,0.443751,0.317493,7.0129
F_N+PB+MED,LSTM,231,46,12,0.8537,0.069866,0.264322,0.202873,6.1632
F_N+PB+MED,LSTM,232,53,14,0.2539,0.20196,0.4494,0.34354,6.98
F_N+PB+MED,LSTM,233,80,20,0.1517,1.187,1.089495,0.604775,19.0155
F_N+PB+MED,LSTM,234,76,20,0.4624,0.095668,0.309303,0.247967,6.3403
F_N+PB+MED,CNN-LSTM,100,59,15,0.7069,0.028955,0.170161,0.137099,3.6051
F_N+PB+MED,CNN-LSTM,101,52,14,0.3505,0.105976,0.325539,0.2443,5.1002
F_N+PB+MED,CNN-LSTM,102,54,14,0.5966,0.104907,0.323893,0.277011,6.6855
F_N+PB+MED,CNN-LSTM,103,53,14,0.7294,0.072054,0.268428,0.22302,5.3497
F_N+PB+MED,CNN-LSTM,104,54,14,0.4571,0.31557,0.561756,0.419591,9.6841
F_N+PB+MED,CNN-LSTM,105,68,18,0.0482,5.17117,2.274021,1.575421,42.491
F_N+PB+MED,CNN-LSTM,106,63,16,0.0844,0.884159,0.940297,0.70966,16.4036
F_N+PB+MED,CNN-LSTM,107,52,14,0.5427,4.835104,2.198887,1.545336,38.9309
F_N+PB+MED,CNN-LSTM,108,52,13,0.1985,0.125319,0.354004,0.272843,5.6679
F_N+PB+MED,CNN-LSTM,109,67,17,0.8143,0.322492,0.567884,0.394945,11.9296
F_N+PB+MED,CNN-LSTM,111,56,14,0.33,0.175406,0.418814,0.307033,7.1058
F_N+PB+MED,CNN-LSTM,112,66,17,0.8367,0.039814,0.199535,0.163672,4.0979
F_N+PB+MED,CNN-LSTM,113,46,12,0.6694,0.418389,0.64683,0.43923,12.3558
F_N+PB+MED,CNN-LSTM,114,54,14,0.1929,0.089538,0.299229,0.237232,5.1926
F_N+PB+MED,CNN-LSTM,115,52,13,0.1977,0.151923,0.389772,0.296955,5.9553
F_N+PB+MED,CNN-LSTM,116,62,16,0.6764,0.050706,0.22518,0.180471,4.4446
F_N+PB+MED,CNN-LSTM,117,40,10,0.5323,0.239098,0.488977,0.308864,10.089
F_N+PB+MED,CNN-LSTM,118,64,17,0.5893,0.24689,0.49688,0.359659,10.4851
F_N+PB+MED,CNN-LSTM,119,52,14,0.1681,3.917971,1.979387,1.157556,35.2001
F_N+PB+MED,CNN-LSTM,121,57,15,0.1367,0.286457,0.535216,0.395783,8.7604
F_N+PB+MED,CNN-LSTM,122,67,17,0.6641,0.089771,0.299617,0.233548,5.8331
F_N+PB+MED,CNN-LSTM,123,38,10,0.4811,0.097068,0.311557,0.231519,5.7491
F_N+PB+MED,CNN-LSTM,124,44,12,0.4841,0.284722,0.533593,0.35506,9.5598
F_N+PB+MED,CNN-LSTM,200,74,19,0.3587,0.094781,0.307864,0.214979,5.3164
F_N+PB+MED,CNN-LSTM,201,70,18,-0.0058,0.062035,0.249069,0.190792,3.7308
F_N+PB+MED,CNN-LSTM,202,92,24,0.7355,0.093269,0.3054,0.231805,6.1664
F_N+PB+MED,CNN-LSTM,203,88,23,0.1243,2.182177,1.477219,0.905627,27.4872
F_N+PB+MED,CNN-LSTM,205,77,20,-0.0763,0.182278,0.42694,0.190346,6.9962
F_N+PB+MED,CNN-LSTM,207,86,22,0.8715,0.176458,0.420069,0.308702,8.9036
F_N+PB+MED,CNN-LSTM,208,84,21,0.0496,1.184,1.088118,0.662971,22.1632
F_N+PB+MED,CNN-LSTM,209,108,27,0.2516,0.064157,0.253293,0.206331,4.2341
F_N+PB+MED,CNN-LSTM,210,68,17,0.1236,0.185301,0.430466,0.268477,6.3611
F_N+PB+MED,CNN-LSTM,212,72,18,0.8189,0.155864,0.394796,0.302693,7.9666
F_N+PB+MED,CNN-LSTM,213,83,21,0.904,0.20214,0.4496,0.347343,9.5575
F_N+PB+MED,CNN-LSTM,214,59,15,0.6331,0.308239,0.555193,0.436956,11.8171
F_N+PB+MED,CNN-LSTM,215,87,22,0.4817,0.170434,0.412837,0.279152,7.4378
F_N+PB+MED,CNN-LSTM,217,60,16,-0.0299,4.431866,2.1052,1.454814,35.8556
F_N+PB+MED,CNN-LSTM,219,59,15,0.3435,0.906362,0.952031,0.473245,19.3509
F_N+PB+MED,CNN-LSTM,220,55,14,-0.2216,0.262342,0.512193,0.401657,6.7593
F_N+PB+MED,CNN-LSTM,221,65,17,0.1724,0.557775,0.746843,0.428956,13.4419
F_N+PB+MED,CNN-LSTM,222,78,20,-0.044,0.115144,0.339329,0.268939,5.6223
F_N+PB+MED,CNN-LSTM,223,78,20,-0.0516,2.963404,1.721454,1.356857,30.295
F_N+PB+MED,CNN-LSTM,228,52,14,0.0649,0.986605,0.99328,0.754931,16.2259
F_N+PB+MED,CNN-LSTM,230,64,16,0.2331,0.25432,0.504301,0.356295,7.2148
F_N+PB+MED,CNN-LSTM,231,46,12,0.828,0.082112,0.286553,0.221705,6.3993
F_N+PB+MED,CNN-LSTM,232,53,14,0.1564,0.22835,0.47786,0.37518,7.2321
F_N+PB+MED,CNN-LSTM,233,80,20,0.0791,1.288701,1.13521,0.670817,19.902
F_N+PB+MED,CNN-LSTM,234,76,20,0.6484,0.06257,0.250139,0.20128,5.1397
F_N+PB+MED,CNN-GRU,100,59,15,0.7528,0.024418,0.156262,0.128024,3.3991
F_N+PB+MED,CNN-GRU,101,52,14,0.3226,0.110525,0.332452,0.245871,5.2997
F_N+PB+MED,CNN-GRU,102,54,14,0.6485,0.091405,0.302332,0.237053,6.2395
F_N+PB+MED,CNN-GRU,103,53,14,0.7782,0.059047,0.242995,0.200463,5.1239
F_N+PB+MED,CNN-GRU,104,54,14,0.5357,0.269886,0.519506,0.371428,10.0476
F_N+PB+MED,CNN-GRU,105,68,18,0.1498,4.619341,2.149265,1.457262,41.087
F_N+PB+MED,CNN-GRU,106,63,16,0.2614,0.71326,0.844547,0.596932,14.7714
F_N+PB+MED,CNN-GRU,107,52,14,0.5777,4.464997,2.113054,1.37922,35.4923
F_N+PB+MED,CNN-GRU,108,52,13,0.2477,0.117622,0.34296,0.267984,5.5888
F_N+PB+MED,CNN-GRU,109,67,17,0.8792,0.209784,0.458022,0.301025,9.4493
F_N+PB+MED,CNN-GRU,111,56,14,0.443,0.145802,0.38184,0.281311,7.1738
F_N+PB+MED,CNN-GRU,112,66,17,0.8597,0.034221,0.184988,0.142709,3.536
F_N+PB+MED,CNN-GRU,113,46,12,0.7092,0.368057,0.606677,0.387606,12.2247
F_N+PB+MED,CNN-GRU,114,54,14,0.2694,0.081042,0.284679,0.2217,5.168
F_N+PB+MED,CNN-GRU,115,52,13,0.3316,0.126572,0.355769,0.268991,6.4412
F_N+PB+MED,CNN-GRU,116,62,16,0.7408,0.040613,0.201526,0.161758,4.138
F_N+PB+MED,CNN-GRU,117,40,10,0.5835,0.212927,0.46144,0.312536,10.0217
F_N+PB+MED,CNN-GRU,118,64,17,0.6554,0.207146,0.455133,0.299772,9.0335
F_N+PB+MED,CNN-GRU,119,52,14,0.2162,3.69153,1.921335,1.118474,32.8975
F_N+PB+MED,CNN-GRU,121,57,15,0.0822,0.304539,0.551851,0.402612,8.1135
F_N+PB+MED,CNN-GRU,122,67,17,0.6752,0.086825,0.294661,0.229423,5.9238
F_N+PB+MED,CNN-GRU,123,38,10,0.4727,0.098642,0.314074,0.230997,5.7776
F_N+PB+MED,CNN-GRU,124,44,12,0.5074,0.271818,0.521361,0.347065,8.8961
F_N+PB+MED,CNN-GRU,200,74,19,0.2903,0.104896,0.323877,0.221224,5.3344
F_N+PB+MED,CNN-GRU,201,70,18,-0.0176,0.062761,0.250522,0.189649,3.5735
F_N+PB+MED,CNN-GRU,202,92,24,0.7707,0.080845,0.284333,0.210201,5.9005
F_N+PB+MED,CNN-GRU,203,88,23,0.0972,2.249656,1.499885,0.908468,24.8588
F_N+PB+MED,CNN-GRU,205,77,20,-0.1075,0.187559,0.433081,0.191745,6.8677
F_N+PB+MED,CNN-GRU,207,86,22,0.8635,0.18746,0.432967,0.318991,9.194
F_N+PB+MED,CNN-GRU,208,84,21,0.0586,1.172799,1.082959,0.652726,21.9132
F_N+PB+MED,CNN-GRU,209,108,27,0.4993,0.042918,0.207167,0.167503,3.7854
F_N+PB+MED,CNN-GRU,210,68,17,0.1566,0.178331,0.422293,0.274284,6.6788
F_N+PB+MED,CNN-GRU,212,72,18,0.8717,0.110386,0.332244,0.251029,6.5297
F_N+PB+MED,CNN-GRU,213,83,21,0.9598,0.084614,0.290885,0.217053,6.4319
F_N+PB+MED,CNN-GRU,214,59,15,0.61,0.327659,0.572415,0.445908,12.402
F_N+PB+MED,CNN-GRU,215,87,22,0.6084,0.128765,0.358838,0.236096,7.276
F_N+PB+MED,CNN-GRU,217,60,16,-0.0007,4.30657,2.075228,1.407988,36.4208
F_N+PB+MED,CNN-GRU,219,59,15,0.3543,0.891442,0.944162,0.496407,19.7392
F_N+PB+MED,CNN-GRU,220,55,14,-0.2738,0.273562,0.523032,0.402802,6.7473
F_N+PB+MED,CNN-GRU,221,65,17,0.2074,0.534208,0.730895,0.418898,13.4228
F_N+PB+MED,CNN-GRU,222,78,20,-0.0952,0.120791,0.34755,0.272196,5.2667
F_N+PB+MED,CNN-GRU,223,78,20,-0.0488,2.955413,1.719131,1.254179,27.2786
F_N+PB+MED,CNN-GRU,228,52,14,0.2411,0.800617,0.894772,0.668127,16.1203
F_N+PB+MED,CNN-GRU,230,64,16,0.2996,0.232289,0.481964,0.346686,7.3548
F_N+PB+MED,CNN-GRU,231,46,12,0.7973,0.09676,0.311063,0.217592,7.1815
F_N+PB+MED,CNN-GRU,232,53,14,0.231,0.20817,0.456257,0.357646,7.2653
F_N+PB+MED,CNN-GRU,233,80,20,0.084,1.28178,1.132157,0.639604,19.3472
F_N+PB+MED,CNN-GRU,234,76,20,0.6745,0.057924,0.240673,0.195127,5.1399
F_N+PB+MED,RF,100,59,15,0.4735,0.052012,0.22806,0.178576,4.906
F_N+PB+MED,RF,101,52,14,0.3555,0.105152,0.324272,0.24132,5.6245
F_N+PB+MED,RF,102,54,14,0.748,0.065538,0.256003,0.216786,5.4514
F_N+PB+MED,RF,103,53,14,0.8052,0.051861,0.22773,0.173713,4.6332
F_N+PB+MED,RF,104,54,14,0.5328,0.271561,0.521115,0.376573,10.0015
F_N+PB+MED,RF,105,68,18,0.1522,4.606135,2.146191,1.477065,43.483
F_N+PB+MED,RF,106,63,16,0.2859,0.689607,0.830426,0.599673,15.1106
F_N+PB+MED,RF,107,52,14,0.7084,3.083101,1.755876,1.114883,31.9296
F_N+PB+MED,RF,108,52,13,0.2855,0.111714,0.334237,0.259329,5.696
F_N+PB+MED,RF,109,67,17,0.8973,0.178343,0.422307,0.25196,8.9025
F_N+PB+MED,RF,111,56,14,0.4454,0.145186,0.381033,0.277895,6.7685
F_N+PB+MED,RF,112,66,17,0.807,0.047069,0.216955,0.176968,4.3161
F_N+PB+MED,RF,113,46,12,0.7594,0.304508,0.551823,0.321839,10.7657
F_N+PB+MED,RF,114,54,14,0.231,0.085311,0.292081,0.233592,5.1522
F_N+PB+MED,RF,115,52,13,0.2221,0.147304,0.383802,0.295064,6.8758
F_N+PB+MED,RF,116,62,16,0.6962,0.047596,0.218164,0.170895,4.3087
F_N+PB+MED,RF,117,40,10,0.6099,0.199428,0.446573,0.301738,9.7636
F_N+PB+MED,RF,118,64,17,0.6,0.240502,0.49041,0.326254,10.144
F_N+PB+MED,RF,119,52,14,0.2709,3.433819,1.853057,1.056736,30.2095
F_N+PB+MED,RF,121,57,15,-0.0033,0.332897,0.576972,0.4252,8.9319
F_N+PB+MED,RF,122,67,17,0.7087,0.077854,0.279024,0.218234,5.8001
F_N+PB+MED,RF,123,38,10,0.563,0.081742,0.285906,0.213472,5.4502
F_N+PB+MED,RF,124,44,12,0.6555,0.190098,0.436003,0.267038,8.5979
F_N+PB+MED,RF,200,74,19,0.3652,0.093832,0.30632,0.226677,5.9161
F_N+PB+MED,RF,201,70,18,-0.151,0.07099,0.26644,0.211935,3.7383
F_N+PB+MED,RF,202,92,24,0.7811,0.077164,0.277785,0.184184,5.5636
F_N+PB+MED,RF,203,88,23,0.1615,2.089477,1.445502,0.869491,26.2775
F_N+PB+MED,RF,205,77,20,-0.0822,0.183275,0.428106,0.179839,7.2424
F_N+PB+MED,RF,207,86,22,0.9047,0.130831,0.361706,0.238544,7.9009
F_N+PB+MED,RF,208,84,21,-0.0194,1.269943,1.126917,0.71909,23.4108
F_N+PB+MED,RF,209,108,27,0.1128,0.076053,0.275777,0.226686,4.2756
F_N+PB+MED,RF,210,68,17,0.2036,0.168384,0.410346,0.268151,6.6812
F_N+PB+MED,RF,212,72,18,0.9385,0.052891,0.229981,0.170739,4.7402
F_N+PB+MED,RF,213,83,21,0.974,0.054744,0.233973,0.167716,5.268
F_N+PB+MED,RF,214,59,15,0.6486,0.295218,0.54334,0.38613,11.4549
F_N+PB+MED,RF,215,87,22,0.5966,0.132664,0.36423,0.238772,7.7947
F_N+PB+MED,RF,217,60,16,0.0579,4.054097,2.013479,1.303601,35.6324
F_N+PB+MED,RF,219,59,15,0.2664,1.012839,1.006399,0.493507,20.2851
F_N+PB+MED,RF,220,55,14,-0.0526,0.226059,0.475457,0.393807,7.2676
F_N+PB+MED,RF,221,65,17,0.2342,0.516118,0.718413,0.387409,14.2285
F_N+PB+MED,RF,222,78,20,-0.2377,0.136507,0.369469,0.289835,5.353
F_N+PB+MED,RF,223,78,20,0.9448,0.155616,0.394483,0.262686,8.8279
F_N+PB+MED,RF,228,52,14,0.2304,0.811987,0.901103,0.65059,17.3589
F_N+PB+MED,RF,230,64,16,0.468,0.17644,0.420047,0.299257,7.003
F_N+PB+MED,RF,231,46,12,0.9155,0.040347,0.200866,0.141855,4.6045
F_N+PB+MED,RF,232,53,14,0.3014,0.189107,0.434865,0.347254,7.522
F_N+PB+MED,RF,233,80,20,0.5793,0.588695,0.767265,0.515748,16.7433
F_N+PB+MED,RF,234,76,20,0.6055,0.070205,0.264962,0.188612,4.7454
F_N+PB+MED,MLP,100,59,15,0.7232,0.027348,0.165373,0.133016,3.3562
F_N+PB+MED,MLP,101,52,14,0.3523,0.105678,0.325081,0.246463,5.1506
F_N+PB+MED,MLP,102,54,14,0.786,0.055641,0.235883,0.17564,4.892
F_N+PB+MED,MLP,103,53,14,0.7632,0.063036,0.251069,0.204272,5.0918
F_N+PB+MED,MLP,104,54,14,0.5507,0.261183,0.51106,0.371774,9.4167
F_N+PB+MED,MLP,105,68,18,-0.0299,5.595524,2.365486,1.582066,37.0591
F_N+PB+MED,MLP,106,63,16,0.3866,0.592303,0.769612,0.51493,12.9388
F_N+PB+MED,MLP,107,52,14,0.7364,2.786308,1.669224,1.066439,31.2057
F_N+PB+MED,MLP,108,52,13,0.2107,0.123406,0.351292,0.266711,5.6416
F_N+PB+MED,MLP,109,67,17,0.8954,0.181664,0.42622,0.282775,9.5118
F_N+PB+MED,MLP,111,56,14,0.4494,0.14414,0.379657,0.269171,6.3937
F_N+PB+MED,MLP,112,66,17,0.8384,0.039412,0.198524,0.153986,4.001
F_N+PB+MED,MLP,113,46,12,0.7162,0.359226,0.599355,0.398963,12.0451
F_N+PB+MED,MLP,114,54,14,0.2413,0.084163,0.290109,0.224002,4.9006
F_N+PB+MED,MLP,115,52,13,0.2401,0.143897,0.379337,0.2888,6.0757
F_N+PB+MED,MLP,116,62,16,0.6307,0.057865,0.240552,0.184434,4.5193
F_N+PB+MED,MLP,117,40,10,0.6246,0.191893,0.438056,0.307827,9.5262
F_N+PB+MED,MLP,118,64,17,0.6132,0.232562,0.482247,0.307158,9.1268
F_N+PB+MED,MLP,119,52,14,0.6501,1.647839,1.283682,0.785433,22.2641
F_N+PB+MED,MLP,121,57,15,-0.0424,0.34588,0.588116,0.422577,8.1514
F_N+PB+MED,MLP,122,67,17,0.7215,0.074426,0.272811,0.20265,5.675
F_N+PB+MED,MLP,123,38,10,0.4947,0.094517,0.307437,0.227857,5.5319
F_N+PB+MED,MLP,124,44,12,0.6192,0.210148,0.458419,0.271126,8.0395
F_N+PB+MED,MLP,200,74,19,0.0343,0.142739,0.377808,0.231618,5.7935
F_N+PB+MED,MLP,201,70,18,-0.12,0.069078,0.262827,0.202867,3.6626
F_N+PB+MED,MLP,202,92,24,0.6788,0.113253,0.336531,0.249341,6.5947
F_N+PB+MED,MLP,203,88,23,0.0743,2.306733,1.518793,0.947113,22.3458
F_N+PB+MED,MLP,205,77,20,-0.2434,0.210565,0.458874,0.216908,7.0468
F_N+PB+MED,MLP,207,86,22,0.8486,0.207887,0.455946,0.292841,9.0448
F_N+PB+MED,MLP,208,84,21,0.0704,1.157988,1.076098,0.678091,21.0161
F_N+PB+MED,MLP,209,108,27,0.5158,0.041505,0.203727,0.164983,3.733
F_N+PB+MED,MLP,210,68,17,0.1368,0.18251,0.427212,0.292895,6.5384
F_N+PB+MED,MLP,212,72,18,0.8892,0.095335,0.308764,0.232542,6.1553
F_N+PB+MED,MLP,213,83,21,0.961,0.082001,0.286357,0.223022,6.0422
F_N+PB+MED,MLP,214,59,15,0.7846,0.181012,0.425455,0.30334,9.0442
F_N+PB+MED,MLP,215,87,22,0.5977,0.13229,0.363717,0.243887,7.5135
F_N+PB+MED,MLP,217,60,16,-0.411,6.072141,2.464171,1.647856,30.8907
F_N+PB+MED,MLP,219,59,15,0.3524,0.894043,0.945539,0.54819,19.3812
F_N+PB+MED,MLP,220,55,14,-0.2848,0.275929,0.525289,0.399536,6.7959
F_N+PB+MED,MLP,221,65,17,0.4277,0.385723,0.621066,0.369508,11.8265
F_N+PB+MED,MLP,222,78,20,-0.5306,0.168809,0.410864,0.315713,5.2431
F_N+PB+MED,MLP,223,78,20,0.9279,0.203267,0.450851,0.32572,10.3407
F_N+PB+MED,MLP,228,52,14,0.3602,0.674997,0.821582,0.612053,14.9204
F_N+PB+MED,MLP,230,64,16,0.3351,0.220521,0.469597,0.329372,6.725
F_N+PB+MED,MLP,231,46,12,0.8541,0.069674,0.263958,0.207982,5.8724
F_N+PB+MED,MLP,232,53,14,0.2557,0.201471,0.448855,0.341717,7.0654
F_N+PB+MED,MLP,233,80,20,0.5521,0.626737,0.791667,0.504708,16.5636
F_N+PB+MED,MLP,234,76,20,0.3856,0.109341,0.330667,0.260857,7.0358
F_N+MED,GRU,100,59,15,0.2443,0.035793,0.189191,0.15768,3.2285
F_N+MED,GRU,101,52,14,0.1279,0.3957,0.629047,0.432369,10.3315
F_N+MED,GRU,102,54,14,0.6406,0.031943,0.178726,0.13797,3.571
F_N+MED,GRU,103,53,14,0.6614,0.039242,0.198095,0.156067,4.0143
F_N+MED,GRU,104,54,14,0.4827,0.118183,0.343778,0.257704,5.7549
F_N+MED,GRU,105,68,18,-0.0845,2.476093,1.57356,1.073501,24.1763
F_N+MED,GRU,106,63,16,0.1612,0.270877,0.520458,0.388548,9.0557
F_N+MED,GRU,107,52,14,0.5988,1.262888,1.123783,0.725126,19.1469
F_N+MED,GRU,108,52,13,-0.0541,0.213348,0.461896,0.366375,6.2148
F_N+MED,GRU,109,67,17,0.8456,0.08035,0.283461,0.186553,5.8211
F_N+MED,GRU,111,56,14,0.4618,0.061941,0.248879,0.190417,4.4243
F_N+MED,GRU,112,66,17,0.7204,0.275125,0.524524,0.382035,11.6332
F_N+MED,GRU,113,46,12,0.6755,0.123719,0.351737,0.230591,6.4213
F_N+MED,GRU,114,54,14,0.7187,0.668242,0.817461,0.602458,17.6831
F_N+MED,GRU,115,52,13,0.8015,0.86884,0.932116,0.766601,19.3604
F_N+MED,GRU,116,62,16,0.63,0.08418,0.290137,0.225055,5.5523
F_N+MED,GRU,117,40,10,0.7438,0.280626,0.529741,0.411422,10.5148
F_N+MED,GRU,118,64,17,0.6173,0.11015,0.331889,0.257943,6.7672
F_N+MED,GRU,119,52,14,0.3143,1.73396,1.316799,0.883016,20.613
F_N+MED,GRU,121,57,15,0.6622,0.621756,0.788515,0.635848,15.9017
F_N+MED,GRU,122,67,17,0.5021,0.052057,0.22816,0.177794,4.114
F_N+MED,GRU,123,38,10,0.24,0.062695,0.250389,0.198055,4.192
F_N+MED,GRU,124,44,12,0.645,0.183314,0.428152,0.329296,8.4489
F_N+MED,GRU,200,74,19,0.5197,0.090097,0.300162,0.215965,5.3053
F_N+MED,GRU,201,70,18,-0.1521,0.02411,0.155273,0.121391,2.0159
F_N+MED,GRU,202,92,24,0.6171,0.042044,0.205045,0.161317,3.7161
F_N+MED,GRU,203,88,23,0.1546,0.650109,0.806293,0.514511,14.0353
F_N+MED,GRU,205,77,20,-0.0947,0.06622,0.257333,0.145651,3.9815
F_N+MED,GRU,207,86,22,0.9353,0.026331,0.162269,0.124727,3.6058
F_N+MED,GRU,208,84,21,0.5126,0.682436,0.826097,0.607991,16.5391
F_N+MED,GRU,209,108,27,0.4411,0.018125,0.134628,0.107523,2.2902
F_N+MED,GRU,210,68,17,0.0801,0.059259,0.243432,0.167084,3.6302
F_N+MED,GRU,212,72,18,0.7933,0.061331,0.247651,0.200511,4.9676
F_N+MED,GRU,213,83,21,0.9372,0.040414,0.201033,0.159359,4.4882
F_N+MED,GRU,214,59,15,0.509,0.135635,0.368287,0.331662,7.1995
F_N+MED,GRU,215,87,22,0.3542,0.079414,0.281804,0.184325,4.9669
F_N+MED,GRU,217,60,16,-0.0081,1.387299,1.177836,0.800806,19.1759
F_N+MED,GRU,219,59,15,0.4228,0.321317,0.566848,0.324326,11.02
F_N+MED,GRU,220,55,14,-0.1855,0.102716,0.320493,0.263571,4.3805
F_N+MED,GRU,221,65,17,0.1193,0.194909,0.441485,0.289258,7.9367
F_N+MED,GRU,222,78,20,-0.0738,0.081533,0.28554,0.221612,4.1052
F_N+MED,GRU,223,78,20,-0.2547,1.181376,1.086911,0.805369,14.1009
F_N+MED,GRU,228,52,14,0.419,0.837268,0.915023,0.659839,15.0121
F_N+MED,GRU,230,64,16,0.1086,0.095293,0.308696,0.237443,4.383
F_N+MED,GRU,231,46,12,0.814,0.036096,0.18999,0.149355,4.2177
F_N+MED,GRU,232,53,14,-0.19,0.122724,0.35032,0.27772,4.9055
F_N+MED,GRU,233,80,20,0.1932,0.433974,0.658767,0.385411,11.4774
F_N+MED,GRU,234,76,20,0.6894,0.023706,0.153966,0.120965,2.9726
F_N+MED,LSTM,100,59,15,0.0466,0.045153,0.212493,0.173564,3.3888
F_N+MED,LSTM,101,52,14,0.2836,0.325055,0.570136,0.416689,9.0915
F_N+MED,LSTM,102,54,14,0.5237,0.042337,0.205759,0.158557,3.9456
F_N+MED,LSTM,103,53,14,0.6348,0.04232,0.205717,0.16049,4.3035
F_N+MED,LSTM,104,54,14,0.4074,0.135379,0.367939,0.282213,6.1928
F_N+MED,LSTM,105,68,18,-0.0559,2.41083,1.552685,1.095665,27.6167
F_N+MED,LSTM,106,63,16,0.0916,0.293361,0.541628,0.388375,8.8777
F_N+MED,LSTM,107,52,14,0.5687,1.3578,1.165247,0.768087,19.3558
F_N+MED,LSTM,108,52,13,0.0754,0.187137,0.432593,0.338311,6.0202
F_N+MED,LSTM,109,67,17,0.7891,0.109781,0.331332,0.255776,6.3086
F_N+MED,LSTM,111,56,14,0.3808,0.07126,0.266946,0.2147,4.7057
F_N+MED,LSTM,112,66,17,0.7153,0.280162,0.529303,0.397464,11.7865
F_N+MED,LSTM,113,46,12,0.6302,0.140995,0.375493,0.263101,7.4098
F_N+MED,LSTM,114,54,14,0.6066,0.934647,0.966771,0.669539,21.3354
F_N+MED,LSTM,115,52,13,0.6475,1.543158,1.242239,0.937494,23.0791
F_N+MED,LSTM,116,62,16,0.5663,0.098673,0.314122,0.246043,5.8279
F_N+MED,LSTM,117,40,10,0.8552,0.158624,0.398276,0.315692,8.2985
F_N+MED,LSTM,118,64,17,0.5654,0.125083,0.353671,0.25303,7.1461
F_N+MED,LSTM,119,52,14,0.1801,2.07323,1.439872,1.008338,21.5478
F_N+MED,LSTM,121,57,15,0.6503,0.643691,0.802304,0.62547,14.8652
F_N+MED,LSTM,122,67,17,0.4252,0.060104,0.245162,0.19301,4.2394
F_N+MED,LSTM,123,38,10,0.2375,0.062901,0.2508,0.197054,4.212
F_N+MED,LSTM,124,44,12,0.636,0.18798,0.433567,0.330112,8.3746
F_N+MED,LSTM,200,74,19,0.4379,0.105433,0.324705,0.250039,5.6971
F_N+MED,LSTM,201,70,18,-0.2197,0.025524,0.159763,0.134294,2.0895
F_N+MED,LSTM,202,92,24,0.622,0.041507,0.203733,0.159767,3.7357
F_N+MED,LSTM,203,88,23,0.1789,0.631441,0.794633,0.51183,14.2719
F_N+MED,LSTM,205,77,20,-0.2705,0.076853,0.277223,0.16849,4.1757
F_N+MED,LSTM,207,86,22,0.8898,0.044884,0.211858,0.172541,4.5635
F_N+MED,LSTM,208,84,21,0.5988,0.561709,0.749473,0.560882,14.9367
F_N+MED,LSTM,209,108,27,0.2543,0.024181,0.155504,0.128858,2.6778
F_N+MED,LSTM,210,68,17,0.1149,0.057017,0.238782,0.164849,3.5422
F_N+MED,LSTM,212,72,18,0.6905,0.091827,0.303029,0.241019,5.9165
F_N+MED,LSTM,213,83,21,0.9306,0.044657,0.211321,0.164634,4.6785
F_N+MED,LSTM,214,59,15,0.7142,0.078958,0.280994,0.233046,5.799
F_N+MED,LSTM,215,87,22,0.2964,0.086527,0.294155,0.201922,4.9525
F_N+MED,LSTM,217,60,16,0.0397,1.321469,1.149552,0.809538,19.5869
F_N+MED,LSTM,219,59,15,0.3832,0.34336,0.585969,0.349255,11.5359
F_N+MED,LSTM,220,55,14,-0.2351,0.107021,0.327141,0.269233,4.5402
F_N+MED,LSTM,221,65,17,0.0731,0.205126,0.452908,0.295167,7.9658
F_N+MED,LSTM,222,78,20,-0.0051,0.076309,0.276242,0.222834,4.1825
F_N+MED,LSTM,223,78,20,-0.4161,1.333387,1.154724,0.881976,12.6675
F_N+MED,LSTM,228,52,14,0.3909,0.877713,0.936863,0.686788,16.8426
F_N+MED,LSTM,230,64,16,0.1386,0.09208,0.303448,0.242151,4.4769
F_N+MED,LSTM,231,46,12,0.7529,0.047954,0.218984,0.170761,4.8098
F_N+MED,LSTM,232,53,14,-0.6893,0.174211,0.417385,0.334947,5.3749
F_N+MED,LSTM,233,80,20,0.2112,0.424323,0.651401,0.388667,11.6095
F_N+MED,LSTM,234,76,20,0.6202,0.028993,0.170273,0.130713,3.189
F_N+MED,CNN-LSTM,100,59,15,0.0402,0.045459,0.213212,0.16476,3.4447
F_N+MED,CNN-LSTM,101,52,14,-0.2169,0.552143,0.743063,0.527447,9.7429
F_N+MED,CNN-LSTM,102,54,14,0.3587,0.056997,0.238741,0.186015,4.0291
F_N+MED,CNN-LSTM,103,53,14,0.5108,0.056695,0.238108,0.184171,4.5477
F_N+MED,CNN-LSTM,104,54,14,0.31,0.157643,0.397043,0.301778,6.3641
F_N+MED,CNN-LSTM,105,68,18,-0.2092,2.760749,1.66155,1.170735,27.0792
F_N+MED,CNN-LSTM,106,63,16,-0.0441,0.337197,0.580687,0.427908,10.3045
F_N+MED,CNN-LSTM,107,52,14,0.3965,1.899874,1.378359,1.07324,26.4129
F_N+MED,CNN-LSTM,108,52,13,-0.0005,0.202484,0.449982,0.358474,6.2573
F_N+MED,CNN-LSTM,109,67,17,0.3714,0.32714,0.571962,0.397737,10.8122
F_N+MED,CNN-LSTM,111,56,14,0.2828,0.082536,0.28729,0.226252,4.6747
F_N+MED,CNN-LSTM,112,66,17,0.3993,0.591084,0.76882,0.591611,16.5066
F_N+MED,CNN-LSTM,113,46,12,0.2084,0.301807,0.54937,0.449193,8.8932
F_N+MED,CNN-LSTM,114,54,14,0.2235,1.844904,1.358272,0.959397,28.5317
F_N+MED,CNN-LSTM,115,52,13,0.3068,3.03509,1.742151,1.52342,34.4865
F_N+MED,CNN-LSTM,116,62,16,0.2065,0.180519,0.424875,0.340475,7.3598
F_N+MED,CNN-LSTM,117,40,10,0.4317,0.622316,0.78887,0.703684,15.0089
F_N+MED,CNN-LSTM,118,64,17,0.311,0.198284,0.44529,0.311083,9.4093
F_N+MED,CNN-LSTM,119,52,14,0.0366,2.43625,1.560849,1.193895,24.2124
F_N+MED,CNN-LSTM,121,57,15,0.5241,0.875963,0.935929,0.734589,16.9121
F_N+MED,CNN-LSTM,122,67,17,0.1125,0.092796,0.304624,0.253376,4.7955
F_N+MED,CNN-LSTM,123,38,10,-0.6054,0.13243,0.363909,0.286988,5.2577
F_N+MED,CNN-LSTM,124,44,12,0.089,0.470401,0.685858,0.568399,11.491
F_N+MED,CNN-LSTM,200,74,19,0.3919,0.11407,0.337742,0.244774,5.6088
F_N+MED,CNN-LSTM,201,70,18,-0.2285,0.02571,0.160344,0.12651,2.0839
F_N+MED,CNN-LSTM,202,92,24,0.3071,0.076085,0.275835,0.222167,5.2561
F_N+MED,CNN-LSTM,203,88,23,0.0874,0.70176,0.837711,0.538237,14.7815
F_N+MED,CNN-LSTM,205,77,20,-0.2816,0.077527,0.278437,0.172374,4.1917
F_N+MED,CNN-LSTM,207,86,22,0.6205,0.154542,0.393118,0.302314,7.8266
F_N+MED,CNN-LSTM,208,84,21,0.5656,0.608192,0.779866,0.619663,14.9475
F_N+MED,CNN-LSTM,209,108,27,0.2709,0.023645,0.153769,0.128298,2.5575
F_N+MED,CNN-LSTM,210,68,17,0.0092,0.063826,0.252639,0.185207,3.7905
F_N+MED,CNN-LSTM,212,72,18,0.647,0.104761,0.323668,0.263871,6.105
F_N+MED,CNN-LSTM,213,83,21,0.5936,0.26141,0.511283,0.404418,10.2346
F_N+MED,CNN-LSTM,214,59,15,0.243,0.209116,0.457291,0.325669,8.5101
F_N+MED,CNN-LSTM,215,87,22,0.3802,0.076214,0.276068,0.210558,5.0796
F_N+MED,CNN-LSTM,217,60,16,-0.0677,1.469393,1.212185,0.847698,20.21
F_N+MED,CNN-LSTM,219,59,15,0.2996,0.389941,0.624453,0.36251,11.8138
F_N+MED,CNN-LSTM,220,55,14,-0.0667,0.092423,0.304011,0.250785,4.4577
F_N+MED,CNN-LSTM,221,65,17,0.0752,0.204665,0.452399,0.259237,8.1211
F_N+MED,CNN-LSTM,222,78,20,-0.1361,0.086256,0.293693,0.23751,4.1765
F_N+MED,CNN-LSTM,223,78,20,-0.0841,1.020787,1.01034,0.770543,13.9221
F_N+MED,CNN-LSTM,228,52,14,0.1059,1.288499,1.135121,0.811426,21.0349
F_N+MED,CNN-LSTM,230,64,16,0.0426,0.102344,0.319913,0.255708,4.5714
F_N+MED,CNN-LSTM,231,46,12,0.6786,0.062362,0.249725,0.199837,5.215
F_N+MED,CNN-LSTM,232,53,14,-0.227,0.12654,0.355725,0.283796,4.9969
F_N+MED,CNN-LSTM,233,80,20,0.1483,0.458143,0.676863,0.472414,12.5103
F_N+MED,CNN-LSTM,234,76,20,0.2985,0.053545,0.231397,0.182872,3.8856
F_N+MED,CNN-GRU,100,59,15,0.0053,0.047111,0.217051,0.173116,3.2216
F_N+MED,CNN-GRU,101,52,14,-0.3874,0.62952,0.793423,0.586054,10.155
F_N+MED,CNN-GRU,102,54,14,0.3992,0.053396,0.231077,0.176741,4.1188
F_N+MED,CNN-GRU,103,53,14,0.5018,0.057739,0.240289,0.187058,4.4871
F_N+MED,CNN-GRU,104,54,14,0.2767,0.165246,0.406504,0.311281,6.3808
F_N+MED,CNN-GRU,105,68,18,-0.1825,2.699677,1.64307,1.151047,25.2645
F_N+MED,CNN-GRU,106,63,16,-0.0249,0.330992,0.575319,0.424721,10.1725
F_N+MED,CNN-GRU,107,52,14,0.3796,1.953003,1.397499,1.090151,26.3418
F_N+MED,CNN-GRU,108,52,13,0.0726,0.187697,0.43324,0.347678,6.3279
F_N+MED,CNN-GRU,109,67,17,0.4458,0.288424,0.537052,0.374536,10.6672
F_N+MED,CNN-GRU,111,56,14,0.2615,0.084988,0.291527,0.228267,4.726
F_N+MED,CNN-GRU,112,66,17,0.6088,0.384934,0.62043,0.453997,13.818
F_N+MED,CNN-GRU,113,46,12,0.3463,0.249245,0.499244,0.393184,8.7305
F_N+MED,CNN-GRU,114,54,14,0.2773,1.716937,1.31032,0.920013,28.5971
F_N+MED,CNN-GRU,115,52,13,0.4644,2.345111,1.531376,1.304446,30.1879
F_N+MED,CNN-GRU,116,62,16,0.2968,0.159973,0.399967,0.322004,6.8402
F_N+MED,CNN-GRU,117,40,10,0.6391,0.395275,0.628709,0.548095,12.4436
F_N+MED,CNN-GRU,118,64,17,0.428,0.164604,0.405714,0.299581,8.3129
F_N+MED,CNN-GRU,119,52,14,0.1366,2.183232,1.477576,1.042847,22.2909
F_N+MED,CNN-GRU,121,57,15,0.5356,0.854829,0.92457,0.716423,15.5361
F_N+MED,CNN-GRU,122,67,17,0.2348,0.080016,0.282871,0.206841,4.6261
F_N+MED,CNN-GRU,123,38,10,-0.6046,0.132371,0.363828,0.279911,5.4067
F_N+MED,CNN-GRU,124,44,12,0.2575,0.383391,0.619186,0.514046,10.8185
F_N+MED,CNN-GRU,200,74,19,0.373,0.117608,0.34294,0.248823,6.0008
F_N+MED,CNN-GRU,201,70,18,-0.4032,0.029365,0.171362,0.137742,2.0397
F_N+MED,CNN-GRU,202,92,24,0.461,0.059185,0.243279,0.19564,4.6716
F_N+MED,CNN-GRU,203,88,23,0.1168,0.679165,0.824115,0.528617,14.6198
F_N+MED,CNN-GRU,205,77,20,-0.2001,0.072593,0.269432,0.156872,4.1202
F_N+MED,CNN-GRU,207,86,22,0.6355,0.148428,0.385264,0.304764,7.5488
F_N+MED,CNN-GRU,208,84,21,0.5925,0.570594,0.755377,0.580378,14.5184
F_N+MED,CNN-GRU,209,108,27,0.2398,0.024653,0.157013,0.130072,2.5846
F_N+MED,CNN-GRU,210,68,17,0.0396,0.061865,0.248727,0.176866,3.7483
F_N+MED,CNN-GRU,212,72,18,0.6571,0.101741,0.318968,0.258862,6.134
F_N+MED,CNN-GRU,213,83,21,0.6282,0.239213,0.489094,0.387789,9.5439
F_N+MED,CNN-GRU,214,59,15,0.3889,0.168804,0.410857,0.288477,8.0818
F_N+MED,CNN-GRU,215,87,22,0.4139,0.072071,0.26846,0.200106,5.0909
F_N+MED,CNN-GRU,217,60,16,-0.0848,1.492851,1.221823,0.869085,19.2692
F_N+MED,CNN-GRU,219,59,15,0.3763,0.347208,0.589243,0.338324,10.9529
F_N+MED,CNN-GRU,220,55,14,-0.1739,0.101714,0.318926,0.25936,4.5885
F_N+MED,CNN-GRU,221,65,17,0.0873,0.201989,0.449432,0.261198,7.9236
F_N+MED,CNN-GRU,222,78,20,-0.1579,0.087918,0.29651,0.237866,4.2253
F_N+MED,CNN-GRU,223,78,20,-0.1861,1.116831,1.056802,0.809742,13.4885
F_N+MED,CNN-GRU,228,52,14,0.1601,1.210325,1.100148,0.785727,21.4175
F_N+MED,CNN-GRU,230,64,16,0.086,0.097706,0.31258,0.246093,4.5486
F_N+MED,CNN-GRU,231,46,12,0.6912,0.059928,0.244802,0.190944,5.1348
F_N+MED,CNN-GRU,232,53,14,-0.1045,0.113901,0.337491,0.266012,4.8993
F_N+MED,CNN-GRU,233,80,20,0.1692,0.446917,0.668518,0.450922,11.7947
F_N+MED,CNN-GRU,234,76,20,0.4658,0.040778,0.201936,0.155507,3.5083
F_N+MED,RF,100,59,15,-0.0502,0.049739,0.223023,0.171597,3.8414
F_N+MED,RF,101,52,14,0.3126,0.311879,0.558461,0.386445,8.6253
F_N+MED,RF,102,54,14,0.5145,0.043147,0.207719,0.153666,4.2486
F_N+MED,RF,103,53,14,0.6811,0.036961,0.192253,0.149275,3.9504
F_N+MED,RF,104,54,14,0.4657,0.122064,0.349376,0.266039,6.5156
F_N+MED,RF,105,68,18,-0.0328,2.358023,1.535585,1.051348,28.8379
F_N+MED,RF,106,63,16,0.183,0.263843,0.513657,0.359315,10.2561
F_N+MED,RF,107,52,14,0.6858,0.989187,0.994579,0.66493,19.1536
F_N+MED,RF,108,52,13,0.0973,0.182702,0.427436,0.314105,6.3516
F_N+MED,RF,109,67,17,0.8936,0.055398,0.235369,0.145068,5.0597
F_N+MED,RF,111,56,14,0.5037,0.057109,0.238975,0.182377,4.3566
F_N+MED,RF,112,66,17,0.6872,0.307792,0.55479,0.414017,12.1148
F_N+MED,RF,113,46,12,0.5734,0.16263,0.403274,0.308659,7.6823
F_N+MED,RF,114,54,14,0.7655,0.557239,0.746484,0.517765,15.1236
F_N+MED,RF,115,52,13,0.7456,1.113576,1.055261,0.692007,19.3598
F_N+MED,RF,116,62,16,0.463,0.122172,0.349531,0.266546,6.388
F_N+MED,RF,117,40,10,0.7362,0.288883,0.537479,0.427597,11.3324
F_N+MED,RF,118,64,17,0.6905,0.089075,0.298454,0.203869,6.0514
F_N+MED,RF,119,52,14,0.3146,1.733107,1.316475,0.915865,20.3022
F_N+MED,RF,121,57,15,0.5963,0.742974,0.86196,0.685958,16.0233
F_N+MED,RF,122,67,17,0.7065,0.030684,0.17517,0.136807,3.6456
F_N+MED,RF,123,38,10,0.2384,0.062824,0.250648,0.191654,4.2273
F_N+MED,RF,124,44,12,0.5696,0.222244,0.471428,0.360662,8.8047
F_N+MED,RF,200,74,19,0.5473,0.084919,0.291408,0.205448,5.2282
F_N+MED,RF,201,70,18,-0.3477,0.028203,0.167936,0.124341,2.3503
F_N+MED,RF,202,92,24,0.6877,0.03429,0.185176,0.137198,3.9403
F_N+MED,RF,203,88,23,0.2231,0.597392,0.772911,0.47403,14.0422
F_N+MED,RF,205,77,20,-0.2616,0.076316,0.276254,0.176507,4.472
F_N+MED,RF,207,86,22,0.9263,0.030017,0.173254,0.133753,3.8153
F_N+MED,RF,208,84,21,0.6499,0.490185,0.700132,0.492986,13.55
F_N+MED,RF,209,108,27,-0.2281,0.039825,0.199561,0.167588,3.0811
F_N+MED,RF,210,68,17,0.0734,0.059688,0.244312,0.170489,3.896
F_N+MED,RF,212,72,18,0.7299,0.08014,0.283089,0.222436,5.644
F_N+MED,RF,213,83,21,0.9295,0.045338,0.212928,0.160569,4.6035
F_N+MED,RF,214,59,15,0.4749,0.145033,0.380832,0.251167,7.5707
F_N+MED,RF,215,87,22,0.5972,0.049529,0.222552,0.145364,4.5726
F_N+MED,RF,217,60,16,0.0605,1.292928,1.13707,0.771229,19.9518
F_N+MED,RF,219,59,15,0.3531,0.360121,0.600101,0.346682,11.992
F_N+MED,RF,220,55,14,-0.2609,0.109251,0.330531,0.269187,4.5561
F_N+MED,RF,221,65,17,0.2063,0.175658,0.419116,0.240489,8.0603
F_N+MED,RF,222,78,20,-0.0092,0.076627,0.276815,0.218309,4.147
F_N+MED,RF,223,78,20,0.8154,0.173816,0.416912,0.293783,7.744
F_N+MED,RF,228,52,14,0.4186,0.837881,0.915358,0.599383,14.4692
F_N+MED,RF,230,64,16,0.4373,0.060152,0.24526,0.180832,4.1995
F_N+MED,RF,231,46,12,0.729,0.052595,0.229336,0.180721,4.903
F_N+MED,RF,232,53,14,0.1378,0.088913,0.298182,0.230368,4.9208
F_N+MED,RF,233,80,20,0.2545,0.401016,0.633258,0.410433,12.2291
F_N+MED,RF,234,76,20,0.4809,0.039622,0.199053,0.154283,3.9459
F_N+MED,MLP,100,59,15,0.3434,0.031097,0.176343,0.131657,3.1852
F_N+MED,MLP,101,52,14,0.3131,0.311667,0.558271,0.386776,8.9392
F_N+MED,MLP,102,54,14,0.6748,0.028908,0.170024,0.132434,3.4459
F_N+MED,MLP,103,53,14,0.6417,0.041519,0.203762,0.163365,4.0922
F_N+MED,MLP,104,54,14,0.5216,0.109288,0.330587,0.247952,5.8429
F_N+MED,MLP,105,68,18,-0.1722,2.676211,1.635913,1.082607,25.7646
F_N+MED,MLP,106,63,16,0.3917,0.196457,0.443235,0.312296,7.5469
F_N+MED,MLP,107,52,14,0.7677,0.731324,0.855175,0.561058,16.6937
F_N+MED,MLP,108,52,13,0.104,0.181342,0.425842,0.32284,5.7858
F_N+MED,MLP,109,67,17,0.8904,0.057053,0.238858,0.168983,5.1298
F_N+MED,MLP,111,56,14,0.4119,0.067681,0.260155,0.200645,4.3497
F_N+MED,MLP,112,66,17,0.7282,0.267459,0.517164,0.364637,11.4127
F_N+MED,MLP,113,46,12,0.6369,0.138427,0.372057,0.249698,6.7392
F_N+MED,MLP,114,54,14,0.8257,0.414176,0.643565,0.451579,13.7091
F_N+MED,MLP,115,52,13,0.7933,0.904901,0.951263,0.666665,17.9995
F_N+MED,MLP,116,62,16,0.5206,0.109063,0.330246,0.25988,6.2916
F_N+MED,MLP,117,40,10,0.7911,0.228753,0.478281,0.368926,9.8793
F_N+MED,MLP,118,64,17,0.4856,0.148029,0.384745,0.2769,7.7152
F_N+MED,MLP,119,52,14,0.2869,1.803192,1.34283,0.946,21.1968
F_N+MED,MLP,121,57,15,0.6652,0.61618,0.784971,0.588537,14.6916
F_N+MED,MLP,122,67,17,0.3889,0.063904,0.252792,0.202453,4.3194
F_N+MED,MLP,123,38,10,0.1263,0.072071,0.26846,0.210322,4.2599
F_N+MED,MLP,124,44,12,0.6615,0.1748,0.418091,0.324649,8.3403
F_N+MED,MLP,200,74,19,0.5105,0.091817,0.303013,0.205963,5.1636
F_N+MED,MLP,201,70,18,-0.4546,0.03044,0.174472,0.134635,2.1467
F_N+MED,MLP,202,92,24,0.6062,0.043241,0.207944,0.148145,3.7069
F_N+MED,MLP,203,88,23,0.0418,0.736851,0.8584,0.540837,12.3495
F_N+MED,MLP,205,77,20,-0.3302,0.080467,0.283666,0.175784,4.0388
F_N+MED,MLP,207,86,22,0.9112,0.036142,0.190111,0.146288,4.2008
F_N+MED,MLP,208,84,21,0.24,1.064124,1.031564,0.677078,18.447
F_N+MED,MLP,209,108,27,0.3855,0.019928,0.141166,0.113267,2.4148
F_N+MED,MLP,210,68,17,0.0013,0.064335,0.253644,0.174789,3.6185
F_N+MED,MLP,212,72,18,0.8105,0.056241,0.237152,0.189146,4.9601
F_N+MED,MLP,213,83,21,0.9311,0.044301,0.210477,0.165875,4.4787
F_N+MED,MLP,214,59,15,0.7611,0.065986,0.256878,0.202739,5.3666
F_N+MED,MLP,215,87,22,0.393,0.074645,0.273213,0.182426,4.748
F_N+MED,MLP,217,60,16,-0.6855,2.31959,1.52302,1.08773,18.01
F_N+MED,MLP,219,59,15,0.2493,0.417913,0.646462,0.386959,11.6112
F_N+MED,MLP,220,55,14,-0.283,0.111164,0.333413,0.272132,4.6085
F_N+MED,MLP,221,65,17,0.1937,0.178427,0.422406,0.259639,7.4728
F_N+MED,MLP,222,78,20,0.0196,0.074438,0.272833,0.21602,3.904
F_N+MED,MLP,223,78,20,0.8514,0.139922,0.374061,0.276672,7.4253
F_N+MED,MLP,228,52,14,0.5058,0.712129,0.843877,0.586796,13.5639
F_N+MED,MLP,230,64,16,0.2816,0.076792,0.277113,0.203374,3.8937
F_N+MED,MLP,231,46,12,0.7939,0.04,0.200001,0.154645,4.5043
F_N+MED,MLP,232,53,14,-0.3828,0.142608,0.377635,0.310263,4.9192
F_N+MED,MLP,233,80,20,0.2917,0.381004,0.617255,0.377793,10.9854
F_N+MED,MLP,234,76,20,0.5879,0.031459,0.177368,0.138216,3.3768
F_MED,GRU,100,59,15,0.4329,0.026605,0.163111,0.129501,2.8961
F_MED,GRU,101,52,14,0.3003,0.317745,0.563688,0.390167,9.9812
F_MED,GRU,102,54,14,0.7337,0.023646,0.153772,0.119321,3.2377
F_MED,GRU,103,53,14,0.7237,0.031922,0.178668,0.13983,3.6884
F_MED,GRU,104,54,14,0.5481,0.103226,0.321289,0.24339,5.8071
F_MED,GRU,105,68,18,-0.0021,2.28741,1.512419,1.020925,25.0884
F_MED,GRU,106,63,16,0.2763,0.232417,0.482096,0.34885,8.052
F_MED,GRU,107,52,14,0.7256,0.862478,0.928697,0.613783,17.7127
F_MED,GRU,108,52,13,0.133,0.17622,0.419786,0.328657,6.4294
F_MED,GRU,109,67,17,0.8731,0.065823,0.256559,0.162402,5.3559
F_MED,GRU,111,56,14,0.5527,0.051724,0.227428,0.166775,4.157
F_MED,GRU,112,66,17,0.8548,0.142925,0.378055,0.252991,8.7313
F_MED,GRU,113,46,12,0.7049,0.112481,0.335381,0.221076,6.6018
F_MED,GRU,114,54,14,0.7624,0.564624,0.751414,0.513025,15.1098
F_MED,GRU,115,52,13,0.8469,0.670097,0.818594,0.599906,16.6706
F_MED,GRU,116,62,16,0.6778,0.073276,0.270695,0.211608,5.318
F_MED,GRU,117,40,10,0.692,0.337185,0.580676,0.401575,9.9868
F_MED,GRU,118,64,17,0.6782,0.092599,0.304301,0.221276,6.2555
F_MED,GRU,119,52,14,0.4149,1.480181,1.216627,0.842114,20.1506
F_MED,GRU,121,57,15,0.6644,0.617494,0.785808,0.646402,15.5136
F_MED,GRU,122,67,17,0.6956,0.031739,0.178155,0.13952,3.4538
F_MED,GRU,123,38,10,0.6145,0.031808,0.178348,0.135333,3.2866
F_MED,GRU,124,44,12,0.6607,0.17533,0.418725,0.327116,8.5225
F_MED,GRU,200,74,19,0.5063,0.092673,0.304423,0.211658,5.148
F_MED,GRU,201,70,18,-0.186,0.024664,0.157048,0.11746,2.1086
F_MED,GRU,202,92,24,0.705,0.032281,0.17967,0.133207,3.3726
F_MED,GRU,203,88,23,0.1127,0.684677,0.827452,0.514047,13.8531
F_MED,GRU,205,77,20,-0.0141,0.061318,0.247625,0.133085,4.0795
F_MED,GRU,207,86,22,0.9455,0.022447,0.149822,0.110058,3.2425
F_MED,GRU,208,84,21,0.4922,0.710646,0.842998,0.566972,16.0027
F_MED,GRU,209,108,27,0.6079,0.012818,0.113217,0.089547,2.1339
F_MED,GRU,210,68,17,0.0579,0.060787,0.246551,0.150296,3.5472
F_MED,GRU,212,72,18,0.8434,0.046504,0.215649,0.169364,4.4104
F_MED,GRU,213,83,21,0.9401,0.038541,0.196318,0.150375,4.2886
F_MED,GRU,214,59,15,0.7627,0.065743,0.256404,0.194028,5.2303
F_MED,GRU,215,87,22,0.5251,0.05833,0.241516,0.159424,4.839
F_MED,GRU,217,60,16,-0.0286,1.414526,1.189339,0.840649,17.9685
F_MED,GRU,219,59,15,0.3859,0.34154,0.584414,0.325087,10.8869
F_MED,GRU,220,55,14,-0.0864,0.094021,0.306629,0.249408,4.4064
F_MED,GRU,221,65,17,0.2925,0.156523,0.39563,0.227706,7.6117
F_MED,GRU,222,78,20,0.0232,0.07424,0.272471,0.217011,4.022
F_MED,GRU,223,78,20,-0.2018,1.131869,1.063893,0.825366,14.2675
F_MED,GRU,228,52,14,0.4134,0.844271,0.918842,0.633283,14.8924
F_MED,GRU,230,64,16,0.2692,0.078466,0.280118,0.210364,4.1466
F_MED,GRU,231,46,12,0.7399,0.050556,0.224846,0.182992,4.9322
F_MED,GRU,232,53,14,-0.0628,0.109664,0.331156,0.25708,4.6852
F_MED,GRU,233,80,20,0.1921,0.43401,0.658794,0.375769,11.0828
F_MED,GRU,234,76,20,0.7196,0.021434,0.146403,0.114844,2.7955
F_MED,LSTM,100,59,15,0.19,0.037999,0.194934,0.160706,3.2861
F_MED,LSTM,101,52,14,0.3329,0.302941,0.5504,0.370626,8.9123
F_MED,LSTM,102,54,14,0.5966,0.035811,0.189239,0.14149,3.7624
F_MED,LSTM,103,53,14,0.5959,0.046683,0.216063,0.167384,4.6086
F_MED,LSTM,104,54,14,0.371,0.143685,0.379059,0.293354,6.2146
F_MED,LSTM,105,68,18,-0.0857,2.478246,1.574245,1.101512,27.555
F_MED,LSTM,106,63,16,0.1307,0.279186,0.52838,0.374725,9.2348
F_MED,LSTM,107,52,14,0.579,1.323268,1.150334,0.750825,19.3773
F_MED,LSTM,108,52,13,0.1314,0.176545,0.420173,0.322772,5.9525
F_MED,LSTM,109,67,17,0.8069,0.100137,0.316445,0.240633,6.0567
F_MED,LSTM,111,56,14,0.4082,0.068436,0.261603,0.206812,4.7928
F_MED,LSTM,112,66,17,0.6863,0.308786,0.555685,0.411264,11.8301
F_MED,LSTM,113,46,12,0.6609,0.129244,0.359505,0.22574,7.2069
F_MED,LSTM,114,54,14,0.6507,0.830206,0.911156,0.617552,19.8287
F_MED,LSTM,115,52,13,0.7062,1.285823,1.133941,0.882723,21.9625
F_MED,LSTM,116,62,16,0.6968,0.068965,0.262612,0.201244,5.0284
F_MED,LSTM,117,40,10,0.8501,0.164055,0.405037,0.318115,8.6473
F_MED,LSTM,118,64,17,0.6113,0.11183,0.33441,0.237912,6.9992
F_MED,LSTM,119,52,14,0.2225,1.966771,1.402416,0.970372,21.6153
F_MED,LSTM,121,57,15,0.6741,0.599634,0.774361,0.619197,14.8154
F_MED,LSTM,122,67,17,0.5715,0.044686,0.211391,0.160083,3.9924
F_MED,LSTM,123,38,10,0.3466,0.053912,0.232191,0.182008,3.9969
F_MED,LSTM,124,44,12,0.6745,0.168193,0.410113,0.311522,8.3008
F_MED,LSTM,200,74,19,0.5308,0.088077,0.296778,0.215842,5.2205
F_MED,LSTM,201,70,18,-0.0282,0.021383,0.146228,0.115644,2.0647
F_MED,LSTM,202,92,24,0.6251,0.041023,0.202541,0.153552,3.6709
F_MED,LSTM,203,88,23,0.1773,0.634819,0.796755,0.507017,14.663
F_MED,LSTM,205,77,20,-0.1786,0.071266,0.266957,0.155655,4.0494
F_MED,LSTM,207,86,22,0.891,0.044851,0.211781,0.175264,4.574
F_MED,LSTM,208,84,21,0.5696,0.602322,0.776094,0.576324,15.8208
F_MED,LSTM,209,108,27,0.1443,0.027977,0.167263,0.137547,2.6813
F_MED,LSTM,210,68,17,0.1569,0.0544,0.233238,0.154858,3.7214
F_MED,LSTM,212,72,18,0.7397,0.077275,0.277983,0.221686,5.5301
F_MED,LSTM,213,83,21,0.9346,0.04204,0.205036,0.157323,4.4832
F_MED,LSTM,214,59,15,0.6422,0.099133,0.314854,0.226963,6.5368
F_MED,LSTM,215,87,22,0.3278,0.082561,0.287334,0.196808,5.0259
F_MED,LSTM,217,60,16,0.0515,1.304349,1.142081,0.785686,19.4663
F_MED,LSTM,219,59,15,0.4497,0.306065,0.553231,0.311485,10.6485
F_MED,LSTM,220,55,14,-0.0782,0.093311,0.305469,0.251399,4.322
F_MED,LSTM,221,65,17,0.1033,0.198386,0.445405,0.26873,8.2256
F_MED,LSTM,222,78,20,0.1277,0.0663,0.257488,0.204677,4.0986
F_MED,LSTM,223,78,20,-0.2999,1.22423,1.106449,0.855101,13.3065
F_MED,LSTM,228,52,14,0.4096,0.849685,0.921783,0.661422,15.7
F_MED,LSTM,230,64,16,0.1785,0.088205,0.296993,0.23734,4.5723
F_MED,LSTM,231,46,12,0.7708,0.044547,0.211061,0.162877,4.7291
F_MED,LSTM,232,53,14,-0.5026,0.155045,0.393758,0.313042,5.3262
F_MED,LSTM,233,80,20,0.2165,0.420936,0.648796,0.392321,11.7859
F_MED,LSTM,234,76,20,0.663,0.025757,0.160488,0.120703,3.0697
F_MED,CNN-LSTM,100,59,15,0.0612,0.044039,0.209854,0.165788,3.2021
F_MED,CNN-LSTM,101,52,14,-0.2784,0.580583,0.76196,0.551488,9.8362
F_MED,CNN-LSTM,102,54,14,0.4648,0.047518,0.217985,0.167005,4.0257
F_MED,CNN-LSTM,103,53,14,0.4752,0.060638,0.246248,0.193136,4.8182
F_MED,CNN-LSTM,104,54,14,0.3761,0.142525,0.377525,0.288327,6.2882
F_MED,CNN-LSTM,105,68,18,-0.2155,2.774559,1.665701,1.154776,26.8061
F_MED,CNN-LSTM,106,63,16,-0.0587,0.339999,0.583094,0.430376,10.0705
F_MED,CNN-LSTM,107,52,14,0.3397,2.075274,1.440581,1.130726,28.1746
F_MED,CNN-LSTM,108,52,13,-0.0448,0.212374,0.460841,0.364795,6.2625
F_MED,CNN-LSTM,109,67,17,0.4662,0.276815,0.526132,0.382085,10.5457
F_MED,CNN-LSTM,111,56,14,0.286,0.082567,0.287344,0.226358,4.7321
F_MED,CNN-LSTM,112,66,17,0.4453,0.546036,0.738942,0.546377,16.1582
F_MED,CNN-LSTM,113,46,12,0.1982,0.305584,0.552797,0.445012,9.1253
F_MED,CNN-LSTM,114,54,14,0.2916,1.683422,1.297467,0.918491,28.1116
F_MED,CNN-LSTM,115,52,13,0.3148,2.99884,1.731716,1.475757,34.5902
F_MED,CNN-LSTM,116,62,16,0.1472,0.193952,0.4404,0.348071,7.3253
F_MED,CNN-LSTM,117,40,10,0.4545,0.597194,0.772783,0.670081,14.8805
F_MED,CNN-LSTM,118,64,17,0.1963,0.231269,0.480905,0.329453,9.8596
F_MED,CNN-LSTM,119,52,14,0.0717,2.348231,1.532394,1.143398,24.0185
F_MED,CNN-LSTM,121,57,15,0.542,0.842766,0.918023,0.738899,16.7906
F_MED,CNN-LSTM,122,67,17,-0.0463,0.109104,0.33031,0.279036,4.9496
F_MED,CNN-LSTM,123,38,10,-0.3139,0.108411,0.329259,0.262421,4.326
F_MED,CNN-LSTM,124,44,12,0.2346,0.395473,0.628867,0.51798,10.981
F_MED,CNN-LSTM,200,74,19,0.4241,0.1081,0.328786,0.234843,5.6176
F_MED,CNN-LSTM,201,70,18,-0.3696,0.028482,0.168767,0.134888,2.0949
F_MED,CNN-LSTM,202,92,24,0.3901,0.066747,0.258355,0.205811,5.1036
F_MED,CNN-LSTM,203,88,23,0.0993,0.694982,0.833656,0.537183,14.7998
F_MED,CNN-LSTM,205,77,20,-0.2518,0.075693,0.275123,0.166452,4.2258
F_MED,CNN-LSTM,207,86,22,0.567,0.178167,0.422099,0.339204,8.2849
F_MED,CNN-LSTM,208,84,21,0.6183,0.534203,0.730892,0.564261,14.5364
F_MED,CNN-LSTM,209,108,27,0.3174,0.022317,0.149388,0.124077,2.6291
F_MED,CNN-LSTM,210,68,17,0.0686,0.060094,0.245141,0.169028,3.6799
F_MED,CNN-LSTM,212,72,18,0.5775,0.125428,0.354158,0.28481,6.7096
F_MED,CNN-LSTM,213,83,21,0.6198,0.244559,0.494529,0.397939,10.2254
F_MED,CNN-LSTM,214,59,15,0.2298,0.213399,0.461952,0.336852,8.8636
F_MED,CNN-LSTM,215,87,22,0.3726,0.077062,0.2776,0.211508,5.1654
F_MED,CNN-LSTM,217,60,16,-0.033,1.420639,1.191906,0.843462,20.6158
F_MED,CNN-LSTM,219,59,15,0.3175,0.379601,0.616118,0.371389,12.1539
F_MED,CNN-LSTM,220,55,14,0.0356,0.083464,0.288902,0.240148,4.3666
F_MED,CNN-LSTM,221,65,17,0.1138,0.196069,0.442797,0.249716,7.9007
F_MED,CNN-LSTM,222,78,20,-0.1648,0.088528,0.297537,0.241795,4.0588
F_MED,CNN-LSTM,223,78,20,-0.0646,1.002648,1.001323,0.769074,14.1504
F_MED,CNN-LSTM,228,52,14,0.1525,1.219696,1.104398,0.789121,21.093
F_MED,CNN-LSTM,230,64,16,0.1645,0.089706,0.29951,0.235311,4.5532
F_MED,CNN-LSTM,231,46,12,0.6304,0.071832,0.268014,0.208208,5.5801
F_MED,CNN-LSTM,232,53,14,-0.1567,0.119349,0.34547,0.275551,5.0272
F_MED,CNN-LSTM,233,80,20,0.1558,0.453513,0.673434,0.457589,12.4074
F_MED,CNN-LSTM,234,76,20,0.3764,0.047665,0.218324,0.170042,3.7283
F_MED,CNN-GRU,100,59,15,-0.0309,0.048362,0.219913,0.174493,3.2348
F_MED,CNN-GRU,101,52,14,-0.4193,0.644583,0.80286,0.580083,10.2038
F_MED,CNN-GRU,102,54,14,0.2452,0.067016,0.258875,0.194901,4.3648
F_MED,CNN-GRU,103,53,14,0.5119,0.056389,0.237465,0.183991,4.4875
F_MED,CNN-GRU,104,54,14,0.3053,0.158697,0.398368,0.296938,6.349
F_MED,CNN-GRU,105,68,18,-0.2445,2.840751,1.685453,1.189553,26.0426
F_MED,CNN-GRU,106,63,16,-0.0163,0.326407,0.571321,0.423828,10.0533
F_MED,CNN-GRU,107,52,14,0.3967,1.896223,1.377034,1.064892,26.1514
F_MED,CNN-GRU,108,52,13,0.08,0.186991,0.432425,0.345059,6.0831
F_MED,CNN-GRU,109,67,17,0.2674,0.379893,0.616355,0.470654,11.916
F_MED,CNN-GRU,111,56,14,0.2965,0.081353,0.285224,0.227243,4.7558
F_MED,CNN-GRU,112,66,17,0.4939,0.498209,0.705839,0.525625,15.1754
F_MED,CNN-GRU,113,46,12,0.1795,0.312696,0.559192,0.457892,8.8982
F_MED,CNN-GRU,114,54,14,0.304,1.654093,1.286115,0.908645,27.6789
F_MED,CNN-GRU,115,52,13,0.3765,2.728871,1.651929,1.430497,32.5924
F_MED,CNN-GRU,116,62,16,-0.0494,0.238656,0.488524,0.391887,7.6354
F_MED,CNN-GRU,117,40,10,0.4889,0.559449,0.747963,0.659844,14.7717
F_MED,CNN-GRU,118,64,17,0.2618,0.212407,0.460876,0.327922,8.9879
F_MED,CNN-GRU,119,52,14,0.1084,2.255522,1.501839,1.08661,22.9693
F_MED,CNN-GRU,121,57,15,0.5117,0.898419,0.94785,0.725778,16.252
F_MED,CNN-GRU,122,67,17,0.0939,0.094486,0.307385,0.251533,4.7527
F_MED,CNN-GRU,123,38,10,-1.1477,0.177212,0.420966,0.343682,6.2116
F_MED,CNN-GRU,124,44,12,0.2825,0.370741,0.608885,0.502617,10.8548
F_MED,CNN-GRU,200,74,19,0.3634,0.119484,0.345665,0.243963,5.7714
F_MED,CNN-GRU,201,70,18,-0.3027,0.02709,0.164589,0.135869,2.0675
F_MED,CNN-GRU,202,92,24,0.3597,0.070076,0.264718,0.213119,4.9564
F_MED,CNN-GRU,203,88,23,0.0998,0.694598,0.833426,0.533985,14.7975
F_MED,CNN-GRU,205,77,20,-0.3833,0.083644,0.289212,0.180071,4.2038
F_MED,CNN-GRU,207,86,22,0.6262,0.153833,0.392216,0.301328,7.9145
F_MED,CNN-GRU,208,84,21,0.5842,0.581959,0.762862,0.588723,14.915
F_MED,CNN-GRU,209,108,27,0.2503,0.02451,0.156556,0.131668,2.6805
F_MED,CNN-GRU,210,68,17,0.0333,0.062371,0.249743,0.178035,3.9091
F_MED,CNN-GRU,212,72,18,0.6266,0.110847,0.332937,0.270095,6.3371
F_MED,CNN-GRU,213,83,21,0.5476,0.290985,0.53943,0.428259,10.4825
F_MED,CNN-GRU,214,59,15,0.3205,0.188283,0.433916,0.311776,8.4833
F_MED,CNN-GRU,215,87,22,0.3695,0.077448,0.278295,0.215057,5.0799
F_MED,CNN-GRU,217,60,16,-0.0916,1.501177,1.225225,0.867051,19.7908
F_MED,CNN-GRU,219,59,15,0.3228,0.376636,0.613707,0.382845,12.0245
F_MED,CNN-GRU,220,55,14,-0.1046,0.095593,0.309181,0.25122,4.3784
F_MED,CNN-GRU,221,65,17,0.0376,0.212921,0.461433,0.271725,8.2116
F_MED,CNN-GRU,222,78,20,-0.171,0.089001,0.29833,0.240698,4.1571
F_MED,CNN-GRU,223,78,20,-0.1359,1.06979,1.034306,0.791719,14.0857
F_MED,CNN-GRU,228,52,14,0.2008,1.150135,1.072443,0.775454,20.5428
F_MED,CNN-GRU,230,64,16,0.0152,0.105739,0.325175,0.263799,4.7005
F_MED,CNN-GRU,231,46,12,0.6955,0.059183,0.243275,0.188156,5.1865
F_MED,CNN-GRU,232,53,14,-0.369,0.14126,0.375845,0.306461,5.3465
F_MED,CNN-GRU,233,80,20,0.1836,0.438598,0.662268,0.456887,12.1582
F_MED,CNN-GRU,234,76,20,0.3673,0.048362,0.219913,0.172521,3.8219
F_MED,RF,100,59,15,0.0211,0.045922,0.214295,0.162651,3.8057
F_MED,RF,101,52,14,0.376,0.283381,0.532336,0.377346,8.3346
F_MED,RF,102,54,14,0.5664,0.038496,0.196203,0.147058,4.0063
F_MED,RF,103,53,14,0.6491,0.040546,0.201361,0.155511,4.1607
F_MED,RF,104,54,14,0.4798,0.118842,0.344735,0.25325,6.4294
F_MED,RF,105,68,18,-0.1076,2.52839,1.590091,1.100842,27.8718
F_MED,RF,106,63,16,0.1021,0.288358,0.53699,0.384096,10.1776
F_MED,RF,107,52,14,0.6926,0.966095,0.982901,0.654137,18.475
F_MED,RF,108,52,13,0.0947,0.184014,0.428969,0.324448,6.4249
F_MED,RF,109,67,17,0.8906,0.056717,0.238153,0.148597,4.9691
F_MED,RF,111,56,14,0.5352,0.053757,0.231855,0.173979,4.2989
F_MED,RF,112,66,17,0.7222,0.273497,0.522969,0.384392,11.6416
F_MED,RF,113,46,12,0.6337,0.139597,0.373627,0.275719,7.3574
F_MED,RF,114,54,14,0.7818,0.51857,0.720118,0.523461,14.8876
F_MED,RF,115,52,13,0.7708,1.003121,1.001559,0.639693,18.5252
F_MED,RF,116,62,16,0.5035,0.112926,0.336045,0.254869,6.5301
F_MED,RF,117,40,10,0.7351,0.289975,0.538493,0.422717,11.0719
F_MED,RF,118,64,17,0.6932,0.08829,0.297136,0.194724,6.1235
F_MED,RF,119,52,14,0.308,1.750686,1.323135,0.926574,20.6286
F_MED,RF,121,57,15,0.5963,0.74287,0.861899,0.673189,15.996
F_MED,RF,122,67,17,0.6941,0.0319,0.178605,0.142456,3.7003
F_MED,RF,123,38,10,0.24,0.06271,0.250419,0.179761,4.1166
F_MED,RF,124,44,12,0.5591,0.227818,0.477303,0.362355,8.9457
F_MED,RF,200,74,19,0.5074,0.092465,0.304081,0.214654,5.3876
F_MED,RF,201,70,18,-0.3703,0.028495,0.168806,0.127148,2.4291
F_MED,RF,202,92,24,0.692,0.033709,0.183599,0.134052,3.9253
F_MED,RF,203,88,23,0.1597,0.648361,0.805209,0.486066,14.4272
F_MED,RF,205,77,20,-0.2398,0.074969,0.273804,0.171383,4.327
F_MED,RF,207,86,22,0.9364,0.02619,0.161833,0.119756,3.4763
F_MED,RF,208,84,21,0.6705,0.461148,0.679079,0.46873,13.5911
F_MED,RF,209,108,27,0.0487,0.031103,0.17636,0.148622,2.9165
F_MED,RF,210,68,17,0.048,0.061424,0.247839,0.175174,4.079
F_MED,RF,212,72,18,0.7477,0.0749,0.273678,0.214376,5.4862
F_MED,RF,213,83,21,0.9336,0.042738,0.206731,0.160119,4.4732
F_MED,RF,214,59,15,0.5006,0.138375,0.371988,0.250959,7.5237
F_MED,RF,215,87,22,0.5739,0.052344,0.228787,0.146897,4.7288
F_MED,RF,217,60,16,0.0847,1.258698,1.121917,0.769536,19.8322
F_MED,RF,219,59,15,0.3485,0.362355,0.601959,0.348589,11.9948
F_MED,RF,220,55,14,-0.17,0.101255,0.318205,0.258117,4.533
F_MED,RF,221,65,17,0.1435,0.189488,0.435303,0.256779,7.8987
F_MED,RF,222,78,20,0.0391,0.073034,0.270248,0.214583,4.3263
F_MED,RF,223,78,20,0.8277,0.162273,0.402831,0.293183,7.6715
F_MED,RF,228,52,14,0.3936,0.87274,0.934205,0.601097,14.0366
F_MED,RF,230,64,16,0.4066,0.063712,0.252413,0.189543,4.2911
F_MED,RF,231,46,12,0.711,0.056179,0.237022,0.186177,5.0822
F_MED,RF,232,53,14,0.1391,0.088828,0.298041,0.230793,5.0516
F_MED,RF,233,80,20,0.2761,0.38887,0.623595,0.418693,12.4596
F_MED,RF,234,76,20,0.5057,0.037781,0.194373,0.14961,3.8051
F_MED,MLP,100,59,15,0.3795,0.029109,0.170615,0.126797,3.0449
F_MED,MLP,101,52,14,0.2637,0.334388,0.578263,0.407485,9.176
F_MED,MLP,102,54,14,0.6295,0.032897,0.181375,0.141243,3.6602
F_MED,MLP,103,53,14,0.6557,0.039783,0.199456,0.156233,4.1909
F_MED,MLP,104,54,14,0.5604,0.100427,0.316902,0.247,5.9381
F_MED,MLP,105,68,18,-0.2114,2.765237,1.6629,1.086167,24.4954
F_MED,MLP,106,63,16,0.3426,0.211126,0.459484,0.320102,7.5306
F_MED,MLP,107,52,14,0.7493,0.788065,0.887731,0.586942,17.0353
F_MED,MLP,108,52,13,0.1656,0.169598,0.411823,0.307395,5.9946
F_MED,MLP,109,67,17,0.8898,0.057134,0.239027,0.162823,4.8832
F_MED,MLP,111,56,14,0.45,0.063602,0.252195,0.192474,4.327
F_MED,MLP,112,66,17,0.7837,0.212935,0.461449,0.326799,10.7173
F_MED,MLP,113,46,12,0.6634,0.12827,0.358149,0.250583,6.726
F_MED,MLP,114,54,14,0.8085,0.455117,0.674623,0.467071,14.0152
F_MED,MLP,115,52,13,0.7897,0.92025,0.959297,0.666955,18.3502
F_MED,MLP,116,62,16,0.5633,0.099305,0.315127,0.244031,6.1568
F_MED,MLP,117,40,10,0.8197,0.197411,0.44431,0.336782,9.477
F_MED,MLP,118,64,17,0.5952,0.116473,0.341281,0.243017,6.9067
F_MED,MLP,119,52,14,0.243,1.914904,1.3838,0.985504,20.7889
F_MED,MLP,121,57,15,0.6577,0.6298,0.793599,0.596502,14.8602
F_MED,MLP,122,67,17,0.2861,0.074438,0.272833,0.222397,4.3218
F_MED,MLP,123,38,10,0.0505,0.078343,0.279898,0.21808,4.3672
F_MED,MLP,124,44,12,0.615,0.198935,0.446021,0.347073,8.5032
F_MED,MLP,200,74,19,0.475,0.098539,0.31391,0.217259,5.4274
F_MED,MLP,201,70,18,-0.3805,0.028709,0.169437,0.129732,2.0936
F_MED,MLP,202,92,24,0.6461,0.038733,0.196807,0.147847,3.8661
F_MED,MLP,203,88,23,0.0205,0.755815,0.869376,0.543555,12.5583
F_MED,MLP,205,77,20,-0.2978,0.078472,0.280129,0.165171,3.9626
F_MED,MLP,207,86,22,0.9077,0.037975,0.194872,0.153549,4.2894
F_MED,MLP,208,84,21,0.4974,0.703447,0.838717,0.585308,16.0784
F_MED,MLP,209,108,27,0.3798,0.020278,0.1424,0.115006,2.4464
F_MED,MLP,210,68,17,-0.0569,0.068192,0.261136,0.177354,3.6635
F_MED,MLP,212,72,18,0.8042,0.058117,0.241075,0.188362,4.8644
F_MED,MLP,213,83,21,0.9352,0.041662,0.204112,0.160556,4.5246
F_MED,MLP,214,59,15,0.7067,0.081264,0.285069,0.22794,5.8952
F_MED,MLP,215,87,22,0.3663,0.077836,0.278991,0.191973,4.8928
F_MED,MLP,217,60,16,-0.4743,2.027436,1.42388,1.012761,17.3874
F_MED,MLP,219,59,15,0.2665,0.407969,0.638724,0.382728,11.2019
F_MED,MLP,220,55,14,-0.0744,0.092983,0.304931,0.247412,4.4771
F_MED,MLP,221,65,17,0.199,0.177216,0.420971,0.265059,7.3302
F_MED,MLP,222,78,20,-0.0622,0.080731,0.284132,0.224423,4.0005
F_MED,MLP,223,78,20,0.829,0.161081,0.401349,0.298273,8.1026
F_MED,MLP,228,52,14,0.464,0.771437,0.878315,0.587763,13.4847
F_MED,MLP,230,64,16,0.2974,0.075434,0.274652,0.206819,4.0384
F_MED,MLP,231,46,12,0.7404,0.050454,0.224619,0.164087,5.0568
F_MED,MLP,232,53,14,-0.2154,0.125408,0.35413,0.287083,4.6851
F_MED,MLP,233,80,20,0.317,0.366908,0.605729,0.360036,10.9823
F_MED,MLP,234,76,20,0.6214,0.028937,0.17011,0.130867,3.2184
